word,POS,NEG,value,prop
가,1.0,0.0,POS,1.0
가격,1.0,0.0,POS,1.0
가까이,0.5,0.5,NEG,0.5
가깝,0.5,0.5,NEG,0.5
가꾸,1.0,0.0,POS,1.0
가늠,1.0,0.0,POS,1.0
가능,0.0,1.0,NEG,1.0
가도,1.0,0.0,POS,1.0
가득,0.5,0.5,NEG,0.5
가로막히,0.0,1.0,NEG,1.0
가르치,0.5,0.5,NEG,0.5
가리,1.0,0.0,POS,1.0
가사,0.0,1.0,NEG,1.0
가스,0.0,1.0,NEG,1.0
가슴,0.4,0.2,POS,0.4
가을,0.0,0.0,NEUT,1.0
가장,0.612903226,0.35483871,POS,0.612903226
가족,0.6,0.4,POS,0.6
가증,0.0,1.0,NEG,1.0
가지,0.0,1.0,NEG,1.0
가책,0.0,1.0,NEG,1.0
가출,0.0,1.0,NEG,1.0
가치,0.8,0.0,POS,0.8
가타부타,0.0,0.0,NEUT,1.0
가파르,0.0,1.0,NEG,1.0
가하,0.0,1.0,NEG,1.0
각광,1.0,0.0,POS,1.0
각국,1.0,0.0,POS,1.0
각별,1.0,0.0,POS,1.0
각별히,1.0,0.0,POS,1.0
각성,1.0,0.0,POS,1.0
각양각색,1.0,0.0,POS,1.0
각종,0.0,1.0,NEG,1.0
간,0.0,1.0,NEG,1.0
간곡,1.0,0.0,POS,1.0
간단히,1.0,0.0,POS,1.0
간밤,1.0,0.0,POS,1.0
간신히,0.0,0.5,NEG,0.5
간주,0.0,1.0,NEG,1.0
간첩,0.0,1.0,NEG,1.0
간편,1.0,0.0,POS,1.0
간호,1.0,0.0,POS,1.0
갇히,0.0,0.5,COMP,0.5
갈구,1.0,0.0,POS,1.0
갈등,0.0,1.0,NEG,1.0
갈수록,0.0,1.0,NEG,1.0
갈피,0.5,0.5,NEG,0.5
감,0.5,0.5,NEG,0.5
감각,0.0,1.0,NEG,1.0
감내,0.0,1.0,NEG,1.0
감독,0.333333333,0.333333333,NEG,0.333333333
감동,1.0,0.0,POS,1.0
감사,1.0,0.0,POS,1.0
감칠맛,1.0,0.0,POS,1.0
감탄사,1.0,0.0,POS,1.0
갑자기,0.0,0.25,NEUT,0.5
갑작스레,0.0,0.0,NEUT,1.0
값,0.8,0.2,POS,0.8
값싸,1.0,0.0,POS,1.0
강군,1.0,0.0,POS,1.0
강단,1.0,0.0,POS,1.0
강도,0.5,0.5,NEG,0.5
강력,0.5,0.5,NEG,0.5
강렬,1.0,0.0,POS,1.0
강물,0.0,1.0,NEG,1.0
강박,0.0,1.0,NEG,1.0
강요,0.0,1.0,NEG,1.0
강의,0.0,1.0,NEG,1.0
강점,1.0,0.0,POS,1.0
강제,1.0,0.0,POS,1.0
강조,0.8,0.0,POS,0.8
강하,1.0,0.0,POS,1.0
강화,0.75,0.25,POS,0.75
강화책,1.0,0.0,POS,1.0
갖,0.5,0.5,NEG,0.5
갖가지,0.0,1.0,NEG,1.0
갖추,1.0,0.0,POS,1.0
같,0.23809523800000001,0.333333333,NEG,0.333333333
같이,0.0,1.0,NEG,1.0
갚,1.0,0.0,POS,1.0
개,1.0,0.0,POS,1.0
개념,1.0,0.0,POS,1.0
개방,0.0,1.0,NEG,1.0
개선,0.666666667,0.333333333,POS,0.666666667
개성,1.0,0.0,POS,1.0
개인,0.5,0.0,COMP,0.5
개입,0.0,1.0,NEG,1.0
개조,0.0,1.0,NEG,1.0
개척,1.0,0.0,POS,1.0
개혁,0.5,0.5,NEG,0.5
객관,0.5,0.5,NEG,0.5
거,0.0,1.0,NEG,1.0
거꾸로,0.0,0.0,None,1.0
거나,0.125,0.5,NEG,0.5
거느리,0.0,1.0,NEG,1.0
거대,0.0,0.0,COMP,1.0
거두,1.0,0.0,POS,1.0
거듭,0.0,0.0,None,1.0
거듭나,1.0,0.0,POS,1.0
거룩,0.0,1.0,NEG,1.0
거리,0.0,1.0,NEG,1.0
거리낌,1.0,0.0,POS,1.0
거봉,1.0,0.0,POS,1.0
거부,0.0,1.0,NEG,1.0
거세,0.0,1.0,NEG,1.0
거울,1.0,0.0,POS,1.0
거의,0.166666667,0.333333333,None,0.5
거짓,0.333333333,0.666666667,NEG,0.666666667
거짓말,0.0,1.0,NEG,1.0
거치,0.5,0.5,NEG,0.5
거칠,1.0,0.0,POS,1.0
거푸집,1.0,0.0,POS,1.0
거품,1.0,0.0,POS,1.0
걱정,0.0,1.0,NEG,1.0
건,0.0,1.0,NEG,1.0
건강,1.0,0.0,POS,1.0
건대,0.0,0.0,None,1.0
건드리,0.0,1.0,NEG,1.0
건물,0.0,1.0,NEG,1.0
건배,0.0,1.0,NEG,1.0
건수,0.0,1.0,NEG,1.0
건실,1.0,0.0,POS,1.0
건의,1.0,0.0,POS,1.0
건전,1.0,0.0,POS,1.0
건축,0.666666667,0.0,POS,0.666666667
건축물,0.0,1.0,NEG,1.0
걷,0.0,1.0,NEG,1.0
걸,0.75,0.25,POS,0.75
걸리,0.0,1.0,NEG,1.0
걸림돌,0.0,1.0,NEG,1.0
걸맞,1.0,0.0,POS,1.0
검사,0.0,1.0,NEG,1.0
검토,0.5,0.0,COMP,0.5
겁,0.0,0.0,NEUT,1.0
것,0.23809523800000001,0.253968254,None,0.420634921
게,0.0,1.0,NEG,1.0
게다가,0.0,0.0,None,1.0
게든,0.0,0.0,None,1.0
게양,0.0,1.0,NEG,1.0
게을리,0.0,1.0,NEG,1.0
게임,1.0,0.0,POS,1.0
겠,0.25,0.3125,None,0.34375
겨냥,1.0,0.0,POS,1.0
겨우,0.0,0.5,NEG,0.5
겨울,1.0,0.0,POS,1.0
격,1.0,0.0,POS,1.0
격려,1.0,0.0,POS,1.0
격상,1.0,0.0,POS,1.0
격차,1.0,0.0,POS,1.0
겪,0.0,1.0,NEG,1.0
견디,1.0,0.0,POS,1.0
견해,0.0,0.0,COMP,1.0
결,1.0,0.0,POS,1.0
결국,0.0,0.5,NEG,0.5
결단,0.0,1.0,NEG,1.0
결론,0.5,0.5,NEG,0.5
결속,1.0,0.0,POS,1.0
결심,0.25,0.5,NEG,0.5
결여,0.0,1.0,NEG,1.0
결의,1.0,0.0,POS,1.0
결정,0.0,0.5,COMP,0.5
결집,1.0,0.0,POS,1.0
결코,0.5,0.0,None,0.5
결함,0.0,1.0,NEG,1.0
결혼,0.4,0.4,NEG,0.4
결혼식,1.0,0.0,POS,1.0
겹치,1.0,0.0,POS,1.0
경각심,0.0,1.0,NEG,1.0
경고,0.0,1.0,NEG,1.0
경보,1.0,0.0,POS,1.0
경색,0.0,0.0,NEUT,1.0
경우,0.0,0.333333333,NEUT,0.666666667
경쟁,0.5,0.5,NEG,0.5
경제,0.4,0.4,NEG,0.4
경제력,1.0,0.0,POS,1.0
경주,1.0,0.0,POS,1.0
경지,0.0,1.0,NEG,1.0
경직,1.0,0.0,POS,1.0
경향,0.333333333,0.333333333,NEG,0.333333333
경험,1.0,0.0,POS,1.0
곁,1.0,0.0,POS,1.0
곁들이,0.0,0.0,NEUT,1.0
계,1.0,0.0,POS,1.0
계기,1.0,0.0,POS,1.0
계속,0.0,1.0,NEG,1.0
계통,0.0,0.0,NEUT,1.0
계획,1.0,0.0,POS,1.0
고,1.0,0.0,POS,1.0
고갈,0.0,1.0,NEG,1.0
고개,0.5,0.5,NEG,0.5
고객,0.666666667,0.333333333,POS,0.666666667
고구려,1.0,0.0,POS,1.0
고급,0.0,1.0,NEG,1.0
고기,0.0,0.0,NEUT,1.0
고달프,1.0,0.0,POS,1.0
고대,1.0,0.0,POS,1.0
고도,0.0,0.0,COMP,1.0
고독,0.0,1.0,NEG,1.0
고되,0.0,1.0,NEG,1.0
고루,1.0,0.0,POS,1.0
고르,0.0,1.0,NEG,1.0
고리타분,0.0,1.0,NEG,1.0
고립,0.0,1.0,NEG,1.0
고립무원,0.0,1.0,NEG,1.0
고마움,1.0,0.0,POS,1.0
고무,0.5,0.5,NEG,0.5
고민,0.25,0.75,NEG,0.75
고발,0.0,1.0,NEG,1.0
고백,0.0,0.0,None,1.0
고비,1.0,0.0,POS,1.0
고삐,0.0,1.0,NEG,1.0
고심,0.0,1.0,NEG,1.0
고액,1.0,0.0,POS,1.0
고양,1.0,0.0,POS,1.0
고유,1.0,0.0,POS,1.0
고육지책,0.0,1.0,NEG,1.0
고육책,0.0,1.0,NEG,1.0
고이,0.0,1.0,NEG,1.0
고자,0.4,0.0,None,0.6
고장,0.0,1.0,NEG,1.0
고조,0.5,0.5,NEG,0.5
고질,0.0,1.0,NEG,1.0
고질병,0.0,1.0,NEG,1.0
고집,0.5,0.5,NEG,0.5
고충,1.0,0.0,POS,1.0
고층,0.0,1.0,NEG,1.0
고치,0.0,0.0,NEUT,1.0
고통,0.0,1.0,NEG,1.0
고향,1.0,0.0,POS,1.0
곡,0.0,1.0,NEG,1.0
곤란,0.0,0.666666667,NEG,0.666666667
곤혹,0.0,1.0,NEG,1.0
곧,0.0,1.0,NEG,1.0
골,0.0,1.0,NEG,1.0
골고루,1.0,0.0,POS,1.0
골절,1.0,0.0,POS,1.0
골치,0.0,1.0,NEG,1.0
곰,0.0,1.0,NEG,1.0
곳,0.5,0.166666667,POS,0.5
공간,1.0,0.0,POS,1.0
공감,1.0,0.0,POS,1.0
공감대,1.0,0.0,POS,1.0
공급,1.0,0.0,POS,1.0
공기,1.0,0.0,POS,1.0
공동체,1.0,0.0,POS,1.0
공멸,1.0,0.0,POS,1.0
공백,0.5,0.5,NEG,0.5
공부,0.333333333,0.666666667,NEG,0.666666667
공산,0.0,1.0,NEG,1.0
공상,0.0,1.0,NEG,1.0
공식,0.0,1.0,NEG,1.0
공연,0.5,0.5,NEG,0.5
공유,1.0,0.0,POS,1.0
공장,0.0,1.0,NEG,1.0
공장장,0.0,1.0,NEG,1.0
공조,1.0,0.0,POS,1.0
공존,1.0,0.0,POS,1.0
공짜,1.0,0.0,POS,1.0
공통,0.0,1.0,NEG,1.0
공포,0.5,0.5,NEG,0.5
공화국,1.0,0.0,POS,1.0
과,0.5,0.5,NEG,0.5
과감,1.0,0.0,POS,1.0
과거,0.5,0.25,POS,0.5
과다,0.0,1.0,NEG,1.0
과대,0.0,1.0,NEG,1.0
과도,0.0,1.0,NEG,1.0
과반수,0.0,1.0,NEG,1.0
과시,0.0,1.0,NEG,1.0
과연,0.0,0.0,COMP,1.0
과열,0.5,0.5,NEG,0.5
과오,0.0,1.0,NEG,1.0
과외,1.0,0.0,POS,1.0
과욕,0.0,1.0,NEG,1.0
과잉,0.0,1.0,NEG,1.0
과장,0.0,1.0,NEG,1.0
과제,0.4,0.4,NEG,0.4
과중,0.0,1.0,NEG,1.0
과학,0.0,1.0,NEG,1.0
관객,0.5,0.5,NEG,0.5
관계,0.428571429,0.428571429,NEG,0.428571429
관계자,0.0,1.0,NEG,1.0
관광,1.0,0.0,POS,1.0
관광객,0.0,0.0,NEUT,1.0
관람객,1.0,0.0,POS,1.0
관리,0.0,1.0,NEG,1.0
관심,0.857142857,0.14285714300000002,POS,0.857142857
관심거리,1.0,0.0,POS,1.0
관심사,0.0,0.0,COMP,1.0
관여,0.0,0.0,NEUT,1.0
관점,0.0,0.5,COMP,0.5
관철,0.0,1.0,NEG,1.0
관하,1.0,0.0,POS,1.0
광복,1.0,0.0,POS,1.0
광활,1.0,0.0,POS,1.0
괜하,0.0,0.0,None,1.0
괴로워하,0.0,1.0,NEG,1.0
괴팍,1.0,0.0,POS,1.0
교단,0.0,1.0,NEG,1.0
교류,0.5,0.5,NEG,0.5
교류설,0.0,0.0,NEUT,1.0
교수,1.0,0.0,POS,1.0
교역전,1.0,0.0,POS,1.0
교육,0.666666667,0.333333333,POS,0.666666667
교통,0.0,1.0,NEG,1.0
교포,0.0,1.0,NEG,1.0
교환전,1.0,0.0,POS,1.0
교회,0.0,1.0,NEG,1.0
교훈,0.5,0.5,NEG,0.5
구걸,0.0,1.0,NEG,1.0
구경,1.0,0.0,POS,1.0
구나,0.0,1.0,NEG,1.0
구별,1.0,0.0,POS,1.0
구분,0.0,0.0,NEUT,1.0
구상,0.0,0.0,NEUT,1.0
구석,1.0,0.0,POS,1.0
구설수,0.0,1.0,NEG,1.0
구식,0.0,1.0,NEG,1.0
구실,0.0,0.0,None,1.0
구애,1.0,0.0,POS,1.0
구입,0.0,1.0,NEG,1.0
구제,1.0,0.0,POS,1.0
구체,1.0,0.0,POS,1.0
구태,0.0,1.0,NEG,1.0
구토,0.0,0.0,NEUT,1.0
구하,1.0,0.0,POS,1.0
국가,0.0,1.0,NEG,1.0
국교,0.0,1.0,NEG,1.0
국군,0.0,1.0,NEG,1.0
국기,0.0,1.0,NEG,1.0
국내,1.0,0.0,POS,1.0
국무,1.0,0.0,POS,1.0
국민,0.666666667,0.0,POS,0.666666667
국민학생,1.0,0.0,POS,1.0
국방,1.0,0.0,POS,1.0
국보,1.0,0.0,POS,1.0
국제,1.0,0.0,POS,1.0
군,0.0,1.0,NEG,1.0
군국주의,0.0,1.0,NEG,1.0
군도,0.0,1.0,NEG,1.0
군살,0.5,0.5,NEG,0.5
굳,1.0,0.0,POS,1.0
굳이,0.0,1.0,NEG,1.0
굵,1.0,0.0,POS,1.0
굵직,0.0,1.0,NEG,1.0
굶주리,0.0,1.0,NEG,1.0
굶주림,1.0,0.0,POS,1.0
굿,1.0,0.0,POS,1.0
궁상,0.0,1.0,NEG,1.0
궁전,1.0,0.0,POS,1.0
궁중,0.0,1.0,NEG,1.0
궁핍,0.0,1.0,NEG,1.0
권,1.0,0.0,POS,1.0
권고,1.0,0.0,POS,1.0
권력,0.0,1.0,NEG,1.0
권력욕,0.0,1.0,NEG,1.0
권위,1.0,0.0,POS,1.0
권위주의,0.0,1.0,NEG,1.0
권하,1.0,0.0,POS,1.0
궤변,0.0,1.0,NEG,1.0
귀,0.0,0.5,NEG,0.5
귀엽,0.0,1.0,NEG,1.0
규명,1.0,0.0,POS,1.0
규모,1.0,0.0,POS,1.0
규정,1.0,0.0,POS,1.0
규제,0.0,1.0,NEG,1.0
균,1.0,0.0,POS,1.0
균형,0.0,1.0,NEG,1.0
그,0.538461538,0.23076923100000002,POS,0.538461538
그것,0.0,0.666666667,NEG,0.666666667
그나마,0.0,0.0,None,1.0
그냥,0.0,1.0,NEG,1.0
그늘,0.5,0.5,NEG,0.5
그대로,0.6,0.4,POS,0.6
그동안,1.0,0.0,POS,1.0
그때,1.0,0.0,POS,1.0
그래,0.5,0.0,None,0.5
그래서,0.0,0.0,None,1.0
그러,0.0,1.0,NEG,1.0
그러나,0.042553191,0.042553191,None,0.914893617
그러니까,0.0,1.0,NEG,1.0
그러므로,0.0,0.0,NEUT,1.0
그런,0.25,0.25,COMP,0.25
그런데,0.0,0.0,None,1.0
그럼,0.0,0.0,None,1.0
그렇,0.0,0.0,None,1.0
그렇지만,1.0,0.0,POS,1.0
그룹,1.0,0.0,POS,1.0
그르,0.0,1.0,NEG,1.0
그르치,0.0,1.0,NEG,1.0
그리,0.25,0.75,NEG,0.75
그리고,0.5,0.5,NEG,0.5
그리하여,0.0,1.0,NEG,1.0
그림,0.5,0.5,NEG,0.5
그분,0.0,1.0,NEG,1.0
그야말로,0.0,0.0,None,1.0
그저,0.0,0.5,NEG,0.5
그지없,0.0,1.0,NEG,1.0
그치,0.333333333,0.666666667,NEG,0.666666667
극,0.5,0.0,COMP,0.5
극단,0.0,1.0,NEG,1.0
극대,0.0,1.0,NEG,1.0
극복,0.666666667,0.333333333,POS,0.666666667
극심,0.0,1.0,NEG,1.0
극장,1.0,0.0,POS,1.0
극찬,1.0,0.0,POS,1.0
극히,0.0,1.0,NEG,1.0
근근이,0.0,1.0,NEG,1.0
근데,0.0,0.0,None,1.0
근로,0.0,1.0,NEG,1.0
근면,1.0,0.0,POS,1.0
근본,1.0,0.0,POS,1.0
근성,1.0,0.0,POS,1.0
근시안,0.0,1.0,NEG,1.0
근절,0.5,0.5,NEG,0.5
근현대,1.0,0.0,POS,1.0
글,0.5,0.5,NEG,0.5
글라스울,1.0,0.0,POS,1.0
글쎄,0.0,0.0,None,1.0
글씨,0.0,1.0,NEG,1.0
금물,0.0,1.0,NEG,1.0
금세,0.0,0.0,None,1.0
금융,0.0,1.0,NEG,1.0
금하,0.0,1.0,NEG,1.0
급,1.0,0.0,POS,1.0
급격히,0.0,1.0,NEG,1.0
급급,0.0,1.0,NEG,1.0
급기야,0.0,0.0,None,1.0
급속히,0.0,1.0,NEG,1.0
긍정,1.0,0.0,POS,1.0
기,0.325842697,0.157303371,None,0.449438202
기강,0.0,1.0,NEG,1.0
기구,0.0,1.0,NEG,1.0
기금,1.0,0.0,POS,1.0
기나길,1.0,0.0,POS,1.0
기냥,0.0,1.0,NEG,1.0
기념,1.0,0.0,POS,1.0
기능,1.0,0.0,POS,1.0
기다리,1.0,0.0,POS,1.0
기대,1.0,0.0,POS,1.0
기대주,1.0,0.0,POS,1.0
기도,1.0,0.0,POS,1.0
기량,1.0,0.0,POS,1.0
기록,1.0,0.0,POS,1.0
기만,0.0,1.0,NEG,1.0
기반,1.0,0.0,POS,1.0
기본,1.0,0.0,POS,1.0
기분,0.0,0.5,NEG,0.5
기뻐하,1.0,0.0,POS,1.0
기쁘,1.0,0.0,POS,1.0
기쁨,1.0,0.0,POS,1.0
기색,0.0,0.0,COMP,1.0
기소,0.0,1.0,NEG,1.0
기술,0.0,1.0,NEG,1.0
기약,0.0,1.0,NEG,1.0
기억,0.0,0.0,NEUT,1.0
기억나,1.0,0.0,POS,1.0
기업,0.5,0.5,NEG,0.5
기여,1.0,0.0,POS,1.0
기운,1.0,0.0,POS,1.0
기울이,0.0,1.0,NEG,1.0
기적,1.0,0.0,POS,1.0
기존,1.0,0.0,POS,1.0
기준,0.0,1.0,NEG,1.0
기증,1.0,0.0,POS,1.0
기초,1.0,0.0,POS,1.0
기피,0.0,0.5,NEG,0.5
기형아,0.0,1.0,NEG,1.0
기회,1.0,0.0,POS,1.0
기회주의,0.0,1.0,NEG,1.0
기획,1.0,0.0,POS,1.0
기획물,0.0,1.0,NEG,1.0
긴급,0.0,1.0,NEG,1.0
긴박,1.0,0.0,POS,1.0
긴장,0.0,1.0,NEG,1.0
긴장감,0.0,1.0,NEG,1.0
길,0.375,0.625,NEG,0.625
길들이,1.0,0.0,POS,1.0
길이,1.0,0.0,POS,1.0
김,0.0,0.0,None,1.0
깃들,1.0,0.0,POS,1.0
깃발,1.0,0.0,POS,1.0
깊,0.25,0.75,NEG,0.75
까다롭,0.0,1.0,NEG,1.0
까닭,0.5,0.0,NEUT,0.5
까맣,0.0,1.0,NEG,1.0
까먹,0.0,0.0,NEUT,1.0
까지,0.181818182,0.13636363599999998,None,0.681818182
깎,0.0,1.0,NEG,1.0
깎아지르,0.0,1.0,NEG,1.0
깔리,0.5,0.0,NEUT,0.5
깜깜,0.0,1.0,NEG,1.0
깜찍,0.0,0.0,COMP,1.0
깨,0.5,0.0,NEUT,0.5
깨끗,1.0,0.0,POS,1.0
깨닫,0.75,0.25,POS,0.75
깨우치,1.0,0.0,POS,1.0
깨치,0.5,0.5,NEG,0.5
꺼내,0.0,0.333333333,COMP,0.333333333
꺼리,0.0,1.0,NEG,1.0
꺼멓,0.0,1.0,NEG,1.0
꺾이,0.0,1.0,NEG,1.0
껍데기,0.0,1.0,NEG,1.0
껍질,0.0,1.0,NEG,1.0
께,0.0,1.0,NEG,1.0
꼬,0.0,1.0,NEG,1.0
꼭,0.666666667,0.0,POS,0.666666667
꼴,0.0,0.0,None,1.0
꼼꼼,1.0,0.0,POS,1.0
꼽,1.0,0.0,POS,1.0
꼽히,1.0,0.0,POS,1.0
꽃,1.0,0.0,POS,1.0
꽃잎,1.0,0.0,POS,1.0
꽤,1.0,0.0,POS,1.0
꾸,0.0,0.0,NEUT,1.0
꾸미,1.0,0.0,POS,1.0
꾸준히,0.5,0.5,NEG,0.5
꾸짖,0.0,1.0,NEG,1.0
꾼,0.0,1.0,NEG,1.0
꿀,0.0,1.0,NEG,1.0
꿀단지,0.0,1.0,NEG,1.0
꿀통,0.0,1.0,NEG,1.0
꿈,0.428571429,0.0,NEUT,0.428571429
꿈꾸,0.5,0.5,NEG,0.5
끄덕이,1.0,0.0,POS,1.0
끈끈,0.0,1.0,NEG,1.0
끈적끈적,0.0,0.0,NEUT,1.0
끊,0.666666667,0.333333333,POS,0.666666667
끊기,0.0,1.0,NEG,1.0
끊임없이,0.5,0.0,COMP,0.5
끌,1.0,0.0,POS,1.0
끌어당기,1.0,0.0,POS,1.0
끝,0.4,0.4,NEG,0.4
끝내,0.0,1.0,NEG,1.0
끼,1.0,0.0,POS,1.0
ㄴ,0.474048443,0.370242215,POS,0.474048443
ㄴ가,0.0,0.333333333,None,0.5
ㄴ다,1.0,0.0,POS,1.0
ㄴ다고,0.25,0.375,NEG,0.375
ㄴ다는,0.444444444,0.444444444,NEG,0.444444444
ㄴ다며,1.0,0.0,POS,1.0
ㄴ다면,0.0,0.0,None,1.0
ㄴ다지만,0.0,0.0,None,1.0
ㄴ답니다,1.0,0.0,POS,1.0
ㄴ데,0.0,0.0,None,1.0
ㄴ들,1.0,0.0,POS,1.0
ㄴ듯,0.5,0.0,None,0.5
ㄴ지,0.0,0.333333333,None,0.5
나,0.0,1.0,NEG,1.0
나가,0.5,0.25,POS,0.5
나귀,0.0,1.0,NEG,1.0
나누,0.666666667,0.0,POS,0.666666667
나돌,0.0,1.0,NEG,1.0
나라,0.5,0.5,NEG,0.5
나름,1.0,0.0,POS,1.0
나무,0.5,0.5,NEG,0.5
나무라,0.0,1.0,NEG,1.0
나비,0.0,0.25,NEUT,0.75
나쁘,0.0,1.0,NEG,1.0
나서,0.833333333,0.166666667,POS,0.833333333
나아가,0.5,0.0,None,0.5
나약,1.0,0.0,POS,1.0
나오,0.5,0.428571429,POS,0.5
나요,0.0,1.0,NEG,1.0
나이,0.4,0.2,COMP,0.4
나중,1.0,0.0,POS,1.0
나타나,1.0,0.0,POS,1.0
나타내,0.5,0.5,NEG,0.5
낙천,0.0,0.0,COMP,1.0
낙후,0.0,1.0,NEG,1.0
난리,0.0,1.0,NEG,1.0
난투극,0.0,1.0,NEG,1.0
난해,0.0,1.0,NEG,1.0
날,0.0,0.5,COMP,0.5
날씬,1.0,0.0,POS,1.0
날카롭,1.0,0.0,POS,1.0
남,0.25,0.75,NEG,0.75
남녀,1.0,0.0,POS,1.0
남미,1.0,0.0,POS,1.0
남발,0.0,1.0,NEG,1.0
남방,0.0,0.0,NEUT,1.0
남산,1.0,0.0,POS,1.0
남성,1.0,0.0,POS,1.0
남자,0.0,1.0,NEG,1.0
남쪽,0.0,0.0,NEUT,1.0
남편,0.25,0.75,NEG,0.75
남한,1.0,0.0,POS,1.0
납득,0.0,1.0,NEG,1.0
낫,1.0,0.0,POS,1.0
낭랑,1.0,0.0,POS,1.0
낮,0.0,1.0,NEG,1.0
낮추,0.5,0.5,NEG,0.5
낯익,1.0,0.0,POS,1.0
낳,0.0,1.0,NEG,1.0
내,0.0,1.0,NEG,1.0
내걸,1.0,0.0,POS,1.0
내내,0.0,1.0,NEG,1.0
내년,1.0,0.0,POS,1.0
내놓,0.75,0.25,POS,0.75
내다보이,0.0,1.0,NEG,1.0
내려오,1.0,0.0,POS,1.0
내리,0.0,0.0,None,1.0
내맘,1.0,0.0,POS,1.0
내면,0.0,0.0,COMP,1.0
내밀,0.0,1.0,NEG,1.0
내버리,0.0,1.0,NEG,1.0
내부,0.0,1.0,NEG,1.0
내성,1.0,0.0,POS,1.0
내세우,1.0,0.0,POS,1.0
내실,1.0,0.0,POS,1.0
내용,0.666666667,0.333333333,POS,0.666666667
내용물,1.0,0.0,POS,1.0
내일,0.0,1.0,NEG,1.0
내지,0.0,0.0,None,1.0
내치,0.0,0.0,None,1.0
내포,0.0,1.0,NEG,1.0
냄새,0.0,1.0,NEG,1.0
냉소,0.0,1.0,NEG,1.0
냉정,0.0,1.0,NEG,1.0
냐,1.0,0.0,POS,1.0
냐는,0.0,1.0,NEG,1.0
너무,0.14285714300000002,0.7142857140000001,NEG,0.7142857140000001
너무나,0.0,0.75,NEG,0.75
너희,0.5,0.5,NEG,0.5
널리,1.0,0.0,POS,1.0
넓,1.0,0.0,POS,1.0
넘,0.0,1.0,NEG,1.0
넘기,1.0,0.0,POS,1.0
넘어서,0.8,0.0,POS,0.8
넘치,1.0,0.0,POS,1.0
넣,0.0,1.0,NEG,1.0
네,0.0,0.5,NEG,0.5
네요,0.0,1.0,NEG,1.0
년,0.272727273,0.636363636,NEG,0.636363636
년대,1.0,0.0,POS,1.0
노골,0.0,1.0,NEG,1.0
노동,0.0,1.0,NEG,1.0
노동자,0.5,0.5,NEG,0.5
노래,0.5,0.25,POS,0.5
노려보,0.0,1.0,NEG,1.0
노력,1.0,0.0,POS,1.0
노면,0.0,1.0,NEG,1.0
노안,1.0,0.0,POS,1.0
노예,0.0,1.0,NEG,1.0
노을,1.0,0.0,POS,1.0
녹,1.0,0.0,POS,1.0
녹슬,0.0,1.0,NEG,1.0
녹아내리,1.0,0.0,POS,1.0
녹음,1.0,0.0,POS,1.0
논란,0.0,0.8,NEG,0.8
논리,0.0,1.0,NEG,1.0
논의,1.0,0.0,POS,1.0
논쟁점,1.0,0.0,POS,1.0
논점,0.0,0.0,COMP,1.0
논하,0.0,0.0,NEUT,1.0
놀라,0.0,0.0,NEUT,1.0
놀랍,0.333333333,0.333333333,NEG,0.333333333
놈,0.0,1.0,NEG,1.0
농법,1.0,0.0,POS,1.0
농사,1.0,0.0,POS,1.0
농업,0.0,1.0,NEG,1.0
농촌,0.0,1.0,NEG,1.0
높,0.48,0.4,POS,0.48
높이,1.0,0.0,POS,1.0
놓,0.5,0.5,NEG,0.5
놓치,0.0,1.0,NEG,1.0
뇌,0.0,0.0,NEUT,1.0
누구,0.0,1.0,NEG,1.0
누리,1.0,0.0,POS,1.0
누설,0.0,1.0,NEG,1.0
누아르,1.0,0.0,POS,1.0
눈,0.5,0.35714285700000004,POS,0.5
눈길,1.0,0.0,POS,1.0
눈물,0.0,1.0,NEG,1.0
눈부시,1.0,0.0,POS,1.0
눈여겨보,1.0,0.0,POS,1.0
눈치,0.0,1.0,NEG,1.0
뉴스,1.0,0.0,POS,1.0
느끼,0.666666667,0.25,POS,0.666666667
느낌,0.8,0.2,POS,0.8
느냐,0.0,0.0,None,1.0
느냐고,0.5,0.5,NEG,0.5
느라,0.0,1.0,NEG,1.0
는,0.0,1.0,NEG,1.0
는가,0.0,0.0,None,1.0
는다,0.5,0.5,NEG,0.5
는다는,1.0,0.0,POS,1.0
는다면,1.0,0.0,POS,1.0
는데,0.272727273,0.272727273,None,0.363636364
는지,0.333333333,0.166666667,None,0.333333333
늘,0.8,0.2,POS,0.8
늘어나,1.0,0.0,POS,1.0
능력,1.0,0.0,POS,1.0
능숙,0.5,0.5,NEG,0.5
능욕,0.0,1.0,NEG,1.0
늦,0.0,1.0,NEG,1.0
늦추,0.5,0.0,COMP,0.5
니,0.333333333,0.0,None,0.666666667
니까,0.5,0.0,None,0.5
님,0.0,1.0,NEG,1.0
다,1.0,0.0,POS,1.0
다가,0.0,0.5,NEG,0.5
다가가,1.0,0.0,POS,1.0
다가오,0.666666667,0.333333333,POS,0.666666667
다각,1.0,0.0,POS,1.0
다각도,1.0,0.0,POS,1.0
다거나,0.0,0.0,None,1.0
다고,0.28571428600000004,0.35714285700000004,NEG,0.35714285700000004
다는,0.35,0.4,NEG,0.4
다는데,1.0,0.0,POS,1.0
다니,0.0,1.0,NEG,1.0
다르,1.0,0.0,POS,1.0
다른,0.666666667,0.333333333,POS,0.666666667
다리,0.0,1.0,NEG,1.0
다릿살,1.0,0.0,POS,1.0
다만,0.0,0.0,None,1.0
다며,0.0,1.0,NEG,1.0
다면,0.0,0.666666667,NEG,0.666666667
다소,0.0,0.5,NEG,0.5
다시,0.571428571,0.28571428600000004,POS,0.571428571
다시금,1.0,0.0,POS,1.0
다시없,0.0,1.0,NEG,1.0
다양,1.0,0.0,POS,1.0
다음,0.0,1.0,NEG,1.0
다지,1.0,0.0,POS,1.0
다짐,1.0,0.0,POS,1.0
다채,1.0,0.0,POS,1.0
다치,0.0,1.0,NEG,1.0
다투,1.0,0.0,POS,1.0
다툼,0.0,1.0,NEG,1.0
단,0.0,0.0,None,1.0
단골,1.0,0.0,POS,1.0
단단,0.0,1.0,NEG,1.0
단돈,1.0,0.0,POS,1.0
단맛,1.0,0.0,POS,1.0
단서,0.0,0.0,COMP,1.0
단순,1.0,0.0,POS,1.0
단순히,0.0,0.0,None,1.0
단언,0.0,1.0,NEG,1.0
단적,1.0,0.0,POS,1.0
단절,0.0,1.0,NEG,1.0
단점,0.0,1.0,NEG,1.0
단정,0.5,0.5,NEG,0.5
단지,0.0,1.0,NEG,1.0
단체,0.0,1.0,NEG,1.0
단행,1.0,0.0,POS,1.0
닫,0.0,1.0,NEG,1.0
달,1.0,0.0,POS,1.0
달갑잖,0.0,1.0,NEG,1.0
달구,1.0,0.0,POS,1.0
달라지,1.0,0.0,POS,1.0
달래,1.0,0.0,POS,1.0
달러,1.0,0.0,POS,1.0
달력,0.0,1.0,NEG,1.0
달리,0.5,0.0,None,0.5
달빛,1.0,0.0,POS,1.0
달인,1.0,0.0,POS,1.0
달하,0.0,1.0,NEG,1.0
닭,1.0,0.0,POS,1.0
담,0.5,0.25,POS,0.5
담담히,1.0,0.0,POS,1.0
답,1.0,0.0,POS,1.0
답니다,0.0,1.0,NEG,1.0
답변,1.0,0.0,POS,1.0
답하,1.0,0.0,POS,1.0
당국,0.0,1.0,NEG,1.0
당당,1.0,0.0,POS,1.0
당면,0.0,1.0,NEG,1.0
당연,0.4,0.2,POS,0.4
당연히,0.5,0.0,None,0.5
당하,0.0,1.0,NEG,1.0
당황,0.0,1.0,NEG,1.0
대,0.75,0.25,POS,0.75
대단,1.0,0.0,POS,1.0
대단히,0.0,1.0,NEG,1.0
대로,1.0,0.0,POS,1.0
대립,0.0,1.0,NEG,1.0
대변,1.0,0.0,POS,1.0
대비,1.0,0.0,POS,1.0
대사,0.0,0.0,NEUT,1.0
대상,0.5,0.5,NEG,0.5
대수,1.0,0.0,POS,1.0
대신,0.0,1.0,NEG,1.0
대여,0.0,1.0,NEG,1.0
대응,1.0,0.0,POS,1.0
대입,0.0,1.0,NEG,1.0
대작,1.0,0.0,POS,1.0
대조,0.0,0.0,NEUT,1.0
대중,0.5,0.5,NEG,0.5
대지,1.0,0.0,POS,1.0
대책,0.0,1.0,NEG,1.0
대폭,1.0,0.0,POS,1.0
대표,1.0,0.0,POS,1.0
대하,0.6,0.4,POS,0.6
대학,0.0,1.0,NEG,1.0
대항,0.0,1.0,NEG,1.0
대형,1.0,0.0,POS,1.0
더,0.695652174,0.17391304300000002,POS,0.695652174
더라도,0.25,0.0,None,0.75
더라면,0.0,0.666666667,NEG,0.666666667
더러,0.0,0.0,None,1.0
더불,0.0,0.0,None,1.0
더욱,0.444444444,0.444444444,NEG,0.444444444
더하,0.666666667,0.333333333,POS,0.666666667
덕,1.0,0.0,POS,1.0
던,0.153846154,0.384615385,NEG,0.384615385
던가,0.0,0.5,NEG,0.5
던지,0.5,0.5,NEG,0.5
덜,1.0,0.0,POS,1.0
덧붙이,1.0,0.0,POS,1.0
덩어리,0.0,1.0,NEG,1.0
덮어놓,0.0,1.0,NEG,1.0
데,0.5,0.166666667,POS,0.5
데리,0.0,1.0,NEG,1.0
도,0.214285714,0.32857142899999997,None,0.435714286
도둑,0.0,1.0,NEG,1.0
도드라지,1.0,0.0,POS,1.0
도록,0.222222222,0.222222222,None,0.444444444
도마,0.0,1.0,NEG,1.0
도망치,0.0,1.0,NEG,1.0
도시,1.0,0.0,POS,1.0
도약,1.0,0.0,POS,1.0
도와주,1.0,0.0,POS,1.0
도움,1.0,0.0,POS,1.0
도의,0.0,1.0,NEG,1.0
도입,1.0,0.0,POS,1.0
도저,0.0,0.0,NEUT,1.0
도저히,0.0,1.0,NEG,1.0
도전,0.333333333,0.666666667,NEG,0.666666667
도처,0.0,0.0,NEUT,1.0
도취,1.0,0.0,POS,1.0
독과점,0.0,1.0,NEG,1.0
독립,0.0,1.0,NEG,1.0
독서,1.0,0.0,POS,1.0
독설,0.0,1.0,NEG,1.0
독자,0.0,1.0,NEG,1.0
독점,0.0,1.0,NEG,1.0
독특,1.0,0.0,POS,1.0
돈,0.5,0.5,NEG,0.5
돋보이,1.0,0.0,POS,1.0
돋아나,0.0,1.0,NEG,1.0
돌,0.0,1.0,NEG,1.0
돌리,0.0,1.0,NEG,1.0
돌아가,0.0,1.0,NEG,1.0
돌아서,0.0,1.0,NEG,1.0
돌아앉,0.0,1.0,NEG,1.0
돌아오,0.333333333,0.333333333,NEG,0.333333333
돕,0.75,0.25,POS,0.75
동,0.0,1.0,NEG,1.0
동료,1.0,0.0,POS,1.0
동무,0.0,1.0,NEG,1.0
동물,0.0,0.0,NEUT,1.0
동시,1.0,0.0,POS,1.0
동아리,1.0,0.0,POS,1.0
동안,0.333333333,0.666666667,NEG,0.666666667
동요,0.0,1.0,NEG,1.0
동의,1.0,0.0,POS,1.0
동이,0.0,1.0,NEG,1.0
동작,1.0,0.0,POS,1.0
동참,1.0,0.0,POS,1.0
동포,1.0,0.0,POS,1.0
되,0.377358491,0.41509434,NEG,0.41509434
되도록,1.0,0.0,POS,1.0
되돌아보,0.0,0.0,COMP,1.0
되살리,1.0,0.0,POS,1.0
되찾,1.0,0.0,POS,1.0
두,0.0,0.75,NEG,0.75
두드러지,1.0,0.0,POS,1.0
두렵,0.0,1.0,NEG,1.0
두르,1.0,0.0,POS,1.0
둔갑,0.0,1.0,NEG,1.0
둘,0.0,0.0,NEUT,1.0
둘러대,0.0,1.0,NEG,1.0
뒤,0.5,0.25,POS,0.5
뒤떨어지,0.0,1.0,NEG,1.0
뒤섞이,0.0,0.0,COMP,1.0
뒤흔들,0.0,1.0,NEG,1.0
뒷맛,0.0,1.0,NEG,1.0
뒷받침,0.25,0.75,NEG,0.75
드디어,0.0,0.0,None,1.0
드러나,0.0,1.0,NEG,1.0
드러내,0.333333333,0.666666667,NEG,0.666666667
드물,0.333333333,0.333333333,COMP,0.333333333
득세,1.0,0.0,POS,1.0
든,1.0,0.0,POS,1.0
든지,0.333333333,0.333333333,NEG,0.333333333
듣,0.0,1.0,NEG,1.0
들,0.4,0.533333333,NEG,0.533333333
들리,0.666666667,0.333333333,POS,0.666666667
들썩거리,0.0,1.0,NEG,1.0
들어가,0.5,0.25,POS,0.5
들어오,0.5,0.0,NEUT,0.5
들이,0.0,1.0,NEG,1.0
들치,1.0,0.0,POS,1.0
듬뿍,1.0,0.0,POS,1.0
듯,0.25,0.0,None,0.75
등,0.454545455,0.272727273,POS,0.454545455
등급,0.0,1.0,NEG,1.0
등록,1.0,0.0,POS,1.0
등산,1.0,0.0,POS,1.0
등산인,1.0,0.0,POS,1.0
디,0.0,1.0,NEG,1.0
디스크,0.0,1.0,NEG,1.0
디자이너,0.0,0.0,NEUT,1.0
디테일,0.0,0.0,NEUT,1.0
따뜻,1.0,0.0,POS,1.0
따라가,1.0,0.0,POS,1.0
따라서,0.0,0.0,None,1.0
따로,0.0,0.0,NEUT,1.0
따르,0.333333333,0.222222222,POS,0.333333333
따리,0.0,1.0,NEG,1.0
따위,0.0,0.5,NEG,0.5
따지,1.0,0.0,POS,1.0
딱하,0.0,1.0,NEG,1.0
딸,0.0,1.0,NEG,1.0
땀,0.0,1.0,NEG,1.0
땅,0.0,1.0,NEG,1.0
때,0.363636364,0.363636364,NEG,0.363636364
때때로,0.0,1.0,NEG,1.0
때려치,0.0,1.0,NEG,1.0
때문,0.083333333,0.166666667,None,0.5
떠나,0.4,0.2,POS,0.4
떠들,0.0,1.0,NEG,1.0
떠오르,0.75,0.25,POS,0.75
떡,1.0,0.0,POS,1.0
떨,1.0,0.0,POS,1.0
떨리,0.0,0.0,COMP,1.0
떨어지,0.75,0.25,POS,0.75
떨치,0.0,1.0,NEG,1.0
떼,0.0,0.0,NEUT,1.0
또,0.14285714300000002,0.428571429,NEG,0.428571429
또는,1.0,0.0,POS,1.0
또래,1.0,0.0,POS,1.0
또한,0.0,0.0,None,1.0
똑같,0.0,1.0,NEG,1.0
똑바로,0.0,1.0,NEG,1.0
뚝,0.0,0.0,NEUT,1.0
뚫,1.0,0.0,POS,1.0
뛰,1.0,0.0,POS,1.0
뛰어나,1.0,0.0,POS,1.0
뛰어넘,1.0,0.0,POS,1.0
뛰어다니,0.0,1.0,NEG,1.0
뛰쳐나오,1.0,0.0,POS,1.0
뜨,0.0,0.0,COMP,1.0
뜨겁,0.666666667,0.0,POS,0.666666667
뜯어보,1.0,0.0,POS,1.0
뜻,1.0,0.0,POS,1.0
뜻밖에,0.0,0.0,None,1.0
띄,0.6,0.2,POS,0.6
ㄹ,0.288770053,0.213903743,None,0.401069519
ㄹ게요,1.0,0.0,POS,1.0
ㄹ까,0.0,0.666666667,NEG,0.666666667
ㄹ까요,0.0,0.0,None,1.0
ㄹ래,0.0,0.0,None,1.0
ㄹ수록,0.0,0.0,None,1.0
ㄹ지,0.0,0.0,None,1.0
라,0.0,0.058823529000000006,None,0.9411764709999999
라고,0.25,0.5,NEG,0.5
라는,0.222222222,0.444444444,NEG,0.444444444
라니,0.0,0.0,None,1.0
라니까,0.0,1.0,NEG,1.0
라도,0.0,0.333333333,None,0.666666667
라며,0.333333333,0.666666667,NEG,0.666666667
라면,0.0,0.5,NEG,0.5
라우,0.0,1.0,NEG,1.0
란,0.0,1.0,NEG,1.0
랄까,0.0,1.0,NEG,1.0
러,0.5,0.5,NEG,0.5
러브,0.5,0.5,NEG,0.5
레크리에이션,1.0,0.0,POS,1.0
레포츠,1.0,0.0,POS,1.0
려,0.5,0.0,None,0.5
려고,0.25,0.0,None,0.75
려는,0.333333333,0.166666667,None,0.333333333
려다,0.0,0.0,None,1.0
려면,0.0,0.333333333,None,0.666666667
로,0.45762711899999997,0.372881356,POS,0.45762711899999997
로부터,0.0,1.0,NEG,1.0
로서,0.0,1.0,NEG,1.0
롭,1.0,0.0,POS,1.0
률,0.333333333,0.666666667,NEG,0.666666667
를,0.579617834,0.33121019100000004,POS,0.579617834
리,0.0,0.5,NEG,0.5
리듬,1.0,0.0,POS,1.0
리라,0.0,0.0,None,1.0
리란,1.0,0.0,POS,1.0
ㅁ,0.590909091,0.272727273,POS,0.590909091
마,1.0,0.0,POS,1.0
마감,0.0,1.0,NEG,1.0
마냥,1.0,0.0,POS,1.0
마다,0.5,0.5,NEG,0.5
마당,1.0,0.0,POS,1.0
마땅,1.0,0.0,POS,1.0
마련,0.0,0.5,NEG,0.5
마렵,0.0,1.0,NEG,1.0
마리산,1.0,0.0,POS,1.0
마비,0.0,0.0,NEUT,1.0
마시,0.0,1.0,NEG,1.0
마약,0.0,1.0,NEG,1.0
마음,0.764705882,0.117647059,POS,0.764705882
마음껏,1.0,0.0,POS,1.0
마음먹,0.0,0.0,NEUT,1.0
마인드,1.0,0.0,POS,1.0
마저,0.0,0.333333333,None,0.666666667
마주치,0.0,1.0,NEG,1.0
마지막,1.0,0.0,POS,1.0
마지못하,0.0,1.0,NEG,1.0
마찬가지,0.0,1.0,NEG,1.0
마침,0.0,0.0,None,1.0
막,1.0,0.0,POS,1.0
막다르,0.0,1.0,NEG,1.0
막대,1.0,0.0,POS,1.0
막막,0.0,1.0,NEG,1.0
막중,0.5,0.0,COMP,0.5
막히,1.0,0.0,POS,1.0
만,0.179487179,0.333333333,None,0.435897436
만나,1.0,0.0,POS,1.0
만능,1.0,0.0,POS,1.0
만들,0.615384615,0.307692308,POS,0.615384615
만만찮,0.0,0.0,NEUT,1.0
만물,1.0,0.0,POS,1.0
만족,0.0,1.0,NEG,1.0
만지,0.0,1.0,NEG,1.0
만큼,0.5,0.0,None,0.5
만화,1.0,0.0,POS,1.0
많,0.39130434799999997,0.565217391,NEG,0.565217391
많이,0.333333333,0.5555555560000001,NEG,0.5555555560000001
말,0.333333333,0.46296296299999995,NEG,0.46296296299999995
말리,1.0,0.0,POS,1.0
말문,0.0,1.0,NEG,1.0
말씀,1.0,0.0,POS,1.0
맛,1.0,0.0,POS,1.0
맛보,0.5,0.5,NEG,0.5
맛있,0.0,1.0,NEG,1.0
망동,0.0,1.0,NEG,1.0
망령,0.0,1.0,NEG,1.0
망상,0.0,1.0,NEG,1.0
망설이,0.0,1.0,NEG,1.0
망하,0.0,1.0,NEG,1.0
맞,0.5555555560000001,0.444444444,POS,0.5555555560000001
맞서,0.0,1.0,NEG,1.0
맞추,1.0,0.0,POS,1.0
매기,0.0,0.0,COMP,1.0
매끄럽,1.0,0.0,POS,1.0
매끈,1.0,0.0,POS,1.0
매니아,1.0,0.0,POS,1.0
매달리,0.0,1.0,NEG,1.0
매력,1.0,0.0,POS,1.0
매우,1.0,0.0,POS,1.0
매일,0.0,1.0,NEG,1.0
매혹,1.0,0.0,POS,1.0
맥,0.5,0.5,NEG,0.5
맴돌,0.0,1.0,NEG,1.0
맹종,0.0,1.0,NEG,1.0
맺,0.5,0.5,NEG,0.5
머리,0.2,0.6,NEG,0.6
머무르,0.0,1.0,NEG,1.0
머뭇거리,0.0,1.0,NEG,1.0
먹,0.333333333,0.666666667,NEG,0.666666667
먹이,0.0,1.0,NEG,1.0
먼저,0.75,0.25,POS,0.75
멀,0.0,1.0,NEG,1.0
메시지,1.0,0.0,POS,1.0
메우,1.0,0.0,POS,1.0
며,0.333333333,0.444444444,NEG,0.444444444
면,0.37037037,0.296296296,POS,0.37037037
면모,1.0,0.0,POS,1.0
면서,0.5,0.0,NEUT,0.5
면적,1.0,0.0,POS,1.0
면허,1.0,0.0,POS,1.0
명,0.0,0.75,NEG,0.75
명백,0.0,1.0,NEG,1.0
명백히,0.0,1.0,NEG,1.0
명분,1.0,0.0,POS,1.0
명성,1.0,0.0,POS,1.0
명소,1.0,0.0,POS,1.0
명시,0.0,1.0,NEG,1.0
명실공히,1.0,0.0,POS,1.0
명예,0.0,1.0,NEG,1.0
명인,1.0,0.0,POS,1.0
명징,0.5,0.0,NEUT,0.5
명찰,1.0,0.0,POS,1.0
몇,0.0,1.0,NEG,1.0
모델,1.0,0.0,POS,1.0
모델료,1.0,0.0,POS,1.0
모두,0.0,1.0,NEG,1.0
모든,0.6,0.4,POS,0.6
모르,0.0,0.6,NEG,0.6
모방,1.0,0.0,POS,1.0
모색,1.0,0.0,POS,1.0
모순,0.0,1.0,NEG,1.0
모습,0.333333333,0.666666667,NEG,0.666666667
모으,1.0,0.0,POS,1.0
모이,0.0,0.5,NEG,0.5
모자라,0.0,1.0,NEG,1.0
모집,1.0,0.0,POS,1.0
모처럼,0.0,0.0,None,1.0
모험,0.0,1.0,NEG,1.0
모호,0.0,0.5,NEG,0.5
목,1.0,0.0,POS,1.0
목메,0.0,1.0,NEG,1.0
목소리,0.666666667,0.333333333,POS,0.666666667
목숨,0.0,1.0,NEG,1.0
목적,0.75,0.0,POS,0.75
목표,1.0,0.0,POS,1.0
몰두,1.0,0.0,POS,1.0
몰락,0.0,1.0,NEG,1.0
몰리,1.0,0.0,POS,1.0
몰아닥치,1.0,0.0,POS,1.0
몸,0.28571428600000004,0.7142857140000001,NEG,0.7142857140000001
몸살,1.0,0.0,POS,1.0
몸서리치,0.0,1.0,NEG,1.0
몹시,0.0,1.0,NEG,1.0
못,0.0,1.0,NEG,1.0
못내,0.0,1.0,NEG,1.0
못마땅,0.0,1.0,NEG,1.0
못하,0.5,0.5,NEG,0.5
몽골,1.0,0.0,POS,1.0
묘하,0.5,0.0,COMP,0.5
무,0.25,0.625,NEG,0.625
무겁,1.0,0.0,POS,1.0
무게,0.0,1.0,NEG,1.0
무관,0.0,1.0,NEG,1.0
무극,1.0,0.0,POS,1.0
무난,1.0,0.0,POS,1.0
무늬,0.0,1.0,NEG,1.0
무단,0.0,1.0,NEG,1.0
무대,1.0,0.0,POS,1.0
무덤,1.0,0.0,POS,1.0
무려,0.0,0.0,None,1.0
무례,0.0,1.0,NEG,1.0
무료,1.0,0.0,POS,1.0
무르익,1.0,0.0,POS,1.0
무릅쓰,0.0,1.0,NEG,1.0
무리,0.5,0.5,NEG,0.5
무모,0.0,1.0,NEG,1.0
무산,0.0,1.0,NEG,1.0
무섭,0.0,1.0,NEG,1.0
무슨,0.0,0.5,NEG,0.5
무심코,0.0,1.0,NEG,1.0
무엇,0.363636364,0.090909091,POS,0.363636364
무용,1.0,0.0,POS,1.0
무척,0.0,1.0,NEG,1.0
무효,0.0,1.0,NEG,1.0
묵,0.0,0.0,NEUT,1.0
문,0.0,0.5,NEG,0.5
문맹,0.0,1.0,NEG,1.0
문제,0.1,0.8,NEG,0.8
문제의식,0.5,0.5,NEG,0.5
문제점,0.0,1.0,NEG,1.0
문지르,0.0,1.0,NEG,1.0
문턱,1.0,0.0,POS,1.0
문화,0.666666667,0.333333333,POS,0.666666667
문화재,1.0,0.0,POS,1.0
묻,0.333333333,0.666666667,NEG,0.666666667
묻어나,0.0,0.0,NEUT,1.0
묻히,0.0,1.0,NEG,1.0
물,0.2,0.8,NEG,0.8
물건,1.0,0.0,POS,1.0
물고기,1.0,0.0,POS,1.0
물러가,1.0,0.0,POS,1.0
물론,0.0,0.125,None,0.875
물살,1.0,0.0,POS,1.0
물음표,0.0,1.0,NEG,1.0
물질,1.0,0.0,POS,1.0
물체,0.0,0.0,NEUT,1.0
뭇,0.0,0.0,NEUT,1.0
뭐,0.0,1.0,NEG,1.0
므로,1.0,0.0,POS,1.0
미,0.0,1.0,NEG,1.0
미국,0.5,0.25,POS,0.5
미국인,1.0,0.0,POS,1.0
미군,0.0,1.0,NEG,1.0
미끄럼,0.0,1.0,NEG,1.0
미끼,0.0,1.0,NEG,1.0
미디어,0.0,1.0,NEG,1.0
미래,1.0,0.0,POS,1.0
미만,0.0,1.0,NEG,1.0
미숙,0.5,0.5,NEG,0.5
미술,1.0,0.0,POS,1.0
미술인,0.0,0.0,COMP,1.0
미워하,1.0,0.0,POS,1.0
미제,0.0,1.0,NEG,1.0
미지수,0.0,1.0,NEG,1.0
미치,0.25,0.75,NEG,0.75
미학,0.5,0.5,NEG,0.5
미형,1.0,0.0,POS,1.0
미화원,1.0,0.0,POS,1.0
민,1.0,0.0,POS,1.0
민법,0.0,1.0,NEG,1.0
민속품,1.0,0.0,POS,1.0
민족,0.5,0.5,NEG,0.5
민주,1.0,0.0,POS,1.0
민주주의,0.0,1.0,NEG,1.0
민중,0.0,0.0,COMP,1.0
민화,1.0,0.0,POS,1.0
믿,0.333333333,0.666666667,NEG,0.666666667
믿음직,1.0,0.0,POS,1.0
밀가루,1.0,0.0,POS,1.0
밀고,0.0,1.0,NEG,1.0
밀리,1.0,0.0,POS,1.0
밀어내,0.0,1.0,NEG,1.0
밑,0.0,1.0,NEG,1.0
ㅂ니까,0.333333333,0.333333333,NEG,0.333333333
ㅂ니다,1.0,0.0,POS,1.0
ㅂ시다,1.0,0.0,POS,1.0
ㅂ시당,1.0,0.0,POS,1.0
ㅂ시오,1.0,0.0,POS,1.0
바,0.0,0.0,None,1.0
바꾸,0.75,0.25,POS,0.75
바느질,0.0,0.0,NEUT,1.0
바늘,0.0,1.0,NEG,1.0
바닥,1.0,0.0,POS,1.0
바라,1.0,0.0,POS,1.0
바람,0.0,0.0,None,1.0
바람직,0.5,0.5,NEG,0.5
바로,0.333333333,0.166666667,None,0.333333333
바보,0.0,0.0,COMP,1.0
바짓가랑이,0.0,1.0,NEG,1.0
바치,1.0,0.0,POS,1.0
바탕,1.0,0.0,POS,1.0
박수,1.0,0.0,POS,1.0
박시시,0.0,1.0,NEG,1.0
박장대소,1.0,0.0,POS,1.0
박테리아,0.0,0.0,NEUT,1.0
박해,0.0,1.0,NEG,1.0
밖,0.0,0.5,NEG,0.5
밖에,0.0,0.2,None,0.8
반,1.0,0.0,POS,1.0
반갑,1.0,0.0,POS,1.0
반대,0.0,1.0,NEG,1.0
반대편,0.0,1.0,NEG,1.0
반드시,0.0,0.5,NEG,0.5
반론,0.0,1.0,NEG,1.0
반면,0.0,0.0,None,1.0
반문,0.0,0.0,COMP,1.0
반박,0.0,1.0,NEG,1.0
반발,0.0,1.0,NEG,1.0
반복,0.0,0.5,NEG,0.5
반성,0.0,1.0,NEG,1.0
반어,0.0,0.0,NEUT,1.0
반영,0.0,1.0,NEG,1.0
반응,1.0,0.0,POS,1.0
반죽,1.0,0.0,POS,1.0
반짝이,1.0,0.0,POS,1.0
반찬,1.0,0.0,POS,1.0
반추,0.0,0.0,NEUT,1.0
반항,0.0,0.0,NEUT,1.0
받,0.516129032,0.45161290299999995,POS,0.516129032
발,1.0,0.0,POS,1.0
발견,1.0,0.0,POS,1.0
발리,0.0,1.0,NEG,1.0
발생,0.333333333,0.666666667,NEG,0.666666667
발언,0.0,0.0,COMP,1.0
발전,0.0,1.0,NEG,1.0
발표,0.333333333,0.166666667,NEUT,0.333333333
발현,1.0,0.0,POS,1.0
발휘,1.0,0.0,POS,1.0
발흥,1.0,0.0,POS,1.0
밝,0.333333333,0.666666667,NEG,0.666666667
밝히,0.41176470600000004,0.294117647,POS,0.41176470600000004
밟,0.0,1.0,NEG,1.0
밤,0.25,0.25,COMP,0.25
밤낮,0.5,0.5,NEG,0.5
밥,0.0,1.0,NEG,1.0
방법,0.5,0.5,NEG,0.5
방불,1.0,0.0,POS,1.0
방비,0.0,1.0,NEG,1.0
방송,1.0,0.0,POS,1.0
방수,1.0,0.0,POS,1.0
방심,0.0,1.0,NEG,1.0
방지,0.5,0.5,NEG,0.5
방침,1.0,0.0,POS,1.0
배,0.28571428600000004,0.7142857140000001,NEG,0.7142857140000001
배달,1.0,0.0,POS,1.0
배반,0.0,1.0,NEG,1.0
배상,0.0,1.0,NEG,1.0
배신,0.0,1.0,NEG,1.0
배우,1.0,0.0,POS,1.0
배창호,0.0,1.0,NEG,1.0
배척,0.0,1.0,NEG,1.0
배치,0.0,1.0,NEG,1.0
배타,0.333333333,0.666666667,NEG,0.666666667
백,0.125,0.75,NEG,0.75
백만,0.5,0.0,NEUT,0.5
백일하,0.0,1.0,NEG,1.0
백천,1.0,0.0,POS,1.0
백화점,1.0,0.0,POS,1.0
밴드,0.0,1.0,NEG,1.0
버리,0.0,1.0,NEG,1.0
버림받,0.0,1.0,NEG,1.0
버젓이,0.0,1.0,NEG,1.0
버튼,1.0,0.0,POS,1.0
버티,0.0,1.0,NEG,1.0
버팀목,1.0,0.0,POS,1.0
버팅기,1.0,0.0,POS,1.0
벅차,0.0,1.0,NEG,1.0
번,0.25,0.625,NEG,0.625
번들번들,0.0,1.0,NEG,1.0
번복,0.0,1.0,NEG,1.0
번식,1.0,0.0,POS,1.0
번영,1.0,0.0,POS,1.0
번지,0.0,1.0,NEG,1.0
번호,1.0,0.0,POS,1.0
벌,1.0,0.0,POS,1.0
벌레,0.0,0.0,NEUT,1.0
벌써,0.0,0.5,NEG,0.5
벌어지,0.5,0.5,NEG,0.5
범인,0.0,1.0,NEG,1.0
범죄,0.0,1.0,NEG,1.0
범하,0.0,1.0,NEG,1.0
법,0.0,1.0,NEG,1.0
법원,0.0,1.0,NEG,1.0
법칙,1.0,0.0,POS,1.0
벗,1.0,0.0,POS,1.0
벗어나,1.0,0.0,POS,1.0
베로나,1.0,0.0,POS,1.0
베풀,1.0,0.0,POS,1.0
벼르,1.0,0.0,POS,1.0
벽,0.6,0.4,POS,0.6
벽두,0.0,1.0,NEG,1.0
벽화,1.0,0.0,POS,1.0
변신,1.0,0.0,POS,1.0
변조,0.0,1.0,NEG,1.0
변하,1.0,0.0,POS,1.0
변호사,0.0,1.0,NEG,1.0
변화,0.333333333,0.666666667,NEG,0.666666667
별,0.0,1.0,NEG,1.0
별도,1.0,0.0,POS,1.0
별따기,0.0,1.0,NEG,1.0
별로,0.0,0.5,NEG,0.5
별반,1.0,0.0,POS,1.0
별빛,1.0,0.0,POS,1.0
병,0.666666667,0.333333333,POS,0.666666667
병기,1.0,0.0,POS,1.0
병들,0.0,1.0,NEG,1.0
병원,0.0,1.0,NEG,1.0
보,0.5,0.5,NEG,0.5
보건,1.0,0.0,POS,1.0
보내,0.0,0.0,COMP,1.0
보다,0.625,0.083333333,POS,0.625
보도,0.0,0.0,NEUT,1.0
보람,1.0,0.0,POS,1.0
보복,0.0,1.0,NEG,1.0
보상,0.0,1.0,NEG,1.0
보습,1.0,0.0,POS,1.0
보완,1.0,0.0,POS,1.0
보이,0.5625,0.375,POS,0.5625
보장,1.0,0.0,POS,1.0
보탬,0.0,1.0,NEG,1.0
보호,1.0,0.0,POS,1.0
복수,0.0,1.0,NEG,1.0
복습,1.0,0.0,POS,1.0
복식관,0.0,1.0,NEG,1.0
복원,1.0,0.0,POS,1.0
복잡,0.333333333,0.333333333,NEG,0.333333333
본,0.0,1.0,NEG,1.0
본격,1.0,0.0,POS,1.0
봉건,1.0,0.0,POS,1.0
봉사자,1.0,0.0,POS,1.0
봉양,1.0,0.0,POS,1.0
봉투,0.0,1.0,NEG,1.0
부,0.0,1.0,NEG,1.0
부가,1.0,0.0,POS,1.0
부각,0.0,1.0,NEG,1.0
부끄럽,0.0,0.5,COMP,0.5
부담,0.4,0.6,NEG,0.6
부대,1.0,0.0,POS,1.0
부드럽,1.0,0.0,POS,1.0
부럽,1.0,0.0,POS,1.0
부르,0.5,0.0,NEUT,0.5
부르트,1.0,0.0,POS,1.0
부모,0.0,1.0,NEG,1.0
부부,0.0,1.0,NEG,1.0
부분,0.5,0.0,NEUT,0.5
부상,0.0,1.0,NEG,1.0
부수,0.0,0.0,COMP,1.0
부실,0.0,1.0,NEG,1.0
부위,1.0,0.0,POS,1.0
부재,0.0,1.0,NEG,1.0
부정,0.0,1.0,NEG,1.0
부조리,0.0,1.0,NEG,1.0
부족,0.0,1.0,NEG,1.0
부지런,1.0,0.0,POS,1.0
부진,0.0,0.5,NEG,0.5
부쩍,0.5,0.0,None,0.5
부채,1.0,0.0,POS,1.0
부추기,0.0,0.5,COMP,0.5
부탁,1.0,0.0,POS,1.0
부터,0.625,0.25,POS,0.625
부합,1.0,0.0,POS,1.0
북,0.5,0.5,NEG,0.5
북한,0.5,0.25,POS,0.5
분,0.75,0.25,POS,0.75
분노,0.0,1.0,NEG,1.0
분단,1.0,0.0,POS,1.0
분류,0.0,1.0,NEG,1.0
분명,0.0,1.0,NEG,1.0
분석,0.333333333,0.333333333,NEG,0.333333333
분야,1.0,0.0,POS,1.0
분열,0.0,1.0,NEG,1.0
분위기,1.0,0.0,POS,1.0
분자,0.0,1.0,NEG,1.0
분쟁,0.0,1.0,NEG,1.0
불,0.0,1.0,NEG,1.0
불가,0.0,1.0,NEG,1.0
불감증,0.0,1.0,NEG,1.0
불결,0.0,1.0,NEG,1.0
불과,0.0,0.75,NEG,0.75
불구,0.0,0.0,None,1.0
불길,0.0,1.0,NEG,1.0
불량,0.0,1.0,NEG,1.0
불러들이,1.0,0.0,POS,1.0
불러오,1.0,0.0,POS,1.0
불러일으키,1.0,0.0,POS,1.0
불륜,0.0,1.0,NEG,1.0
불리,0.0,1.0,NEG,1.0
불만,0.0,1.0,NEG,1.0
불매,0.0,1.0,NEG,1.0
불법,0.2,0.8,NEG,0.8
불사,0.0,1.0,NEG,1.0
불순,0.0,1.0,NEG,1.0
불신,0.0,1.0,NEG,1.0
불쌍,1.0,0.0,POS,1.0
불안,0.0,1.0,NEG,1.0
불안감,0.0,1.0,NEG,1.0
불우,1.0,0.0,POS,1.0
불의,0.0,1.0,NEG,1.0
불퇴전,1.0,0.0,POS,1.0
불행,1.0,0.0,POS,1.0
불행감,1.0,0.0,POS,1.0
불황,0.5,0.5,NEG,0.5
붉,0.0,0.0,NEUT,1.0
붐,1.0,0.0,POS,1.0
붓,0.0,1.0,NEG,1.0
붙,0.0,0.5,NEG,0.5
블레어,1.0,0.0,POS,1.0
비,0.0,1.0,NEG,1.0
비가,0.0,1.0,NEG,1.0
비겁,0.0,1.0,NEG,1.0
비관,0.0,1.0,NEG,1.0
비교,1.0,0.0,POS,1.0
비교적,1.0,0.0,POS,1.0
비극,0.0,0.857142857,NEG,0.857142857
비난,0.0,1.0,NEG,1.0
비디오,0.25,0.75,NEG,0.75
비록,0.0,0.0,None,1.0
비리,0.0,1.0,NEG,1.0
비밀,1.0,0.0,POS,1.0
비상,0.0,0.5,NEG,0.5
비서진,0.0,1.0,NEG,1.0
비슷,0.5,0.25,POS,0.5
비싸,0.0,0.666666667,NEG,0.666666667
비아냥,0.0,1.0,NEG,1.0
비용,0.0,1.0,NEG,1.0
비유,0.0,0.0,NEUT,1.0
비전,0.0,1.0,NEG,1.0
비좁,0.0,1.0,NEG,1.0
비중,1.0,0.0,POS,1.0
비참,0.0,1.0,NEG,1.0
비추,1.0,0.0,POS,1.0
비키,0.0,1.0,NEG,1.0
비판,0.166666667,0.833333333,NEG,0.833333333
비행기,0.0,0.0,NEUT,1.0
빗대,0.0,0.0,COMP,1.0
빚,1.0,0.0,POS,1.0
빛,0.5,0.5,NEG,0.5
빛깔,1.0,0.0,POS,1.0
빛살,0.0,0.0,NEUT,1.0
빠르,1.0,0.0,POS,1.0
빠지,0.2,0.8,NEG,0.8
빨,0.0,1.0,NEG,1.0
빨리,0.5,0.5,NEG,0.5
빼,1.0,0.0,POS,1.0
빼기,1.0,0.0,POS,1.0
빼놓,0.666666667,0.333333333,POS,0.666666667
빼앗기,0.0,1.0,NEG,1.0
빼어나,1.0,0.0,POS,1.0
뻔뻔,0.0,1.0,NEG,1.0
뻔하,0.0,0.0,NEUT,1.0
뿐,0.0,0.0,None,1.0
뿜어내,1.0,0.0,POS,1.0
사,0.0,1.0,NEG,1.0
사건,0.25,0.75,NEG,0.75
사고,0.0,0.875,NEG,0.875
사귀,0.0,1.0,NEG,1.0
사극,0.0,1.0,NEG,1.0
사기,0.0,1.0,NEG,1.0
사라지,0.0,1.0,NEG,1.0
사람,0.5,0.444444444,POS,0.5
사랑,0.761904762,0.14285714300000002,POS,0.761904762
사로잡,1.0,0.0,POS,1.0
사로잡히,0.0,1.0,NEG,1.0
사망,0.5,0.5,NEG,0.5
사물,1.0,0.0,POS,1.0
사뭇,0.0,0.0,None,1.0
사상,0.75,0.0,POS,0.75
사색,1.0,0.0,POS,1.0
사슬,1.0,0.0,POS,1.0
사실,0.0,0.0,None,1.0
사용,0.333333333,0.333333333,NEG,0.333333333
사원,0.0,1.0,NEG,1.0
사이,0.0,1.0,NEG,1.0
사이버,1.0,0.0,POS,1.0
사정,1.0,0.0,POS,1.0
사진,1.0,0.0,POS,1.0
사항,1.0,0.0,POS,1.0
사회,0.28571428600000004,0.7142857140000001,NEG,0.7142857140000001
삭막,1.0,0.0,POS,1.0
삭제,0.0,1.0,NEG,1.0
산,0.0,1.0,NEG,1.0
산뜻,1.0,0.0,POS,1.0
산매,1.0,0.0,POS,1.0
살,0.5,0.5,NEG,0.5
살길,1.0,0.0,POS,1.0
살리,1.0,0.0,POS,1.0
살림,0.0,1.0,NEG,1.0
살아나,1.0,0.0,POS,1.0
살아남,1.0,0.0,POS,1.0
살아오,1.0,0.0,POS,1.0
살인,0.0,1.0,NEG,1.0
살짝살짝,0.0,0.0,NEUT,1.0
살피,1.0,0.0,POS,1.0
삶,0.8888888890000001,0.111111111,POS,0.8888888890000001
삼,1.0,0.0,POS,1.0
삼박자,1.0,0.0,POS,1.0
삼위일체,1.0,0.0,POS,1.0
상,1.0,0.0,POS,1.0
상담,1.0,0.0,POS,1.0
상대,0.0,0.666666667,NEG,0.666666667
상상,0.333333333,0.333333333,NEG,0.333333333
상상력,1.0,0.0,POS,1.0
상세,1.0,0.0,POS,1.0
상속,0.0,1.0,NEG,1.0
상수,1.0,0.0,POS,1.0
상식,1.0,0.0,POS,1.0
상실,0.5,0.5,NEG,0.5
상실감,0.0,1.0,NEG,1.0
상의,1.0,0.0,POS,1.0
상징,1.0,0.0,POS,1.0
상쾌,1.0,0.0,POS,1.0
상태,0.25,0.75,NEG,0.75
상품,0.0,1.0,NEG,1.0
상황,0.0,1.0,NEG,1.0
새,1.0,0.0,POS,1.0
새끼,0.0,1.0,NEG,1.0
새댁,1.0,0.0,POS,1.0
새로이,1.0,0.0,POS,1.0
새롭,0.80952381,0.19047619,POS,0.80952381
새바람,1.0,0.0,POS,1.0
새삼,0.0,0.0,None,1.0
새색시,1.0,0.0,POS,1.0
색,0.5,0.5,NEG,0.5
색깔,1.0,0.0,POS,1.0
색다르,1.0,0.0,POS,1.0
생,1.0,0.0,POS,1.0
생각,0.375,0.333333333,POS,0.375
생겨나,0.0,0.0,NEUT,1.0
생기,0.333333333,0.666666667,NEG,0.666666667
생동,1.0,0.0,POS,1.0
생동감,1.0,0.0,POS,1.0
생명,1.0,0.0,POS,1.0
생물,0.0,1.0,NEG,1.0
생산,1.0,0.0,POS,1.0
생선,0.0,0.0,NEUT,1.0
생필품,1.0,0.0,POS,1.0
생활,0.5,0.5,NEG,0.5
생활고,0.0,1.0,NEG,1.0
서,0.666666667,0.0,POS,0.666666667
서두르,0.0,1.0,NEG,1.0
서로,0.666666667,0.333333333,POS,0.666666667
서른,0.0,0.0,COMP,1.0
서명,1.0,0.0,POS,1.0
서방,0.0,1.0,NEG,1.0
서비스,1.0,0.0,POS,1.0
서서히,0.0,0.0,None,1.0
서슴,0.0,1.0,NEG,1.0
서슴없이,1.0,0.0,POS,1.0
서예,1.0,0.0,POS,1.0
서울,0.0,0.5,NEG,0.5
서쪽,0.0,0.0,NEUT,1.0
서툴,0.0,1.0,NEG,1.0
석,0.0,1.0,NEG,1.0
석가모니,0.0,0.0,NEUT,1.0
석권,1.0,0.0,POS,1.0
석연,0.0,1.0,NEG,1.0
섞이,0.0,1.0,NEG,1.0
선,1.0,0.0,POS,1.0
선구,1.0,0.0,POS,1.0
선두,1.0,0.0,POS,1.0
선물,1.0,0.0,POS,1.0
선보이,1.0,0.0,POS,1.0
선언,0.666666667,0.333333333,POS,0.666666667
선전,0.0,1.0,NEG,1.0
선정,0.5,0.5,NEG,0.5
선진국,1.0,0.0,POS,1.0
선풍,1.0,0.0,POS,1.0
선호,1.0,0.0,POS,1.0
설,0.0,1.0,NEG,1.0
설계,0.0,1.0,NEG,1.0
설득,0.5,0.5,NEG,0.5
설득력,0.4,0.6,NEG,0.6
설레,1.0,0.0,POS,1.0
설명,0.615384615,0.153846154,POS,0.615384615
섬,0.0,0.5,COMP,0.5
섬기,1.0,0.0,POS,1.0
섬세,1.0,0.0,POS,1.0
성,1.0,0.0,POS,1.0
성격,0.5,0.5,NEG,0.5
성공,0.8,0.0,POS,0.8
성과,1.0,0.0,POS,1.0
성과물,1.0,0.0,POS,1.0
성금,1.0,0.0,POS,1.0
성대,1.0,0.0,POS,1.0
성명,0.0,0.5,NEG,0.5
성숙,1.0,0.0,POS,1.0
성실,1.0,0.0,POS,1.0
성자,1.0,0.0,POS,1.0
성장,0.666666667,0.333333333,POS,0.666666667
성지,0.5,0.5,NEG,0.5
성찰,0.0,0.0,COMP,1.0
성취,1.0,0.0,POS,1.0
성행,0.0,1.0,NEG,1.0
성향,0.5,0.0,NEUT,0.5
성희롱,0.0,1.0,NEG,1.0
세,0.0,1.0,NEG,1.0
세계,0.7692307690000001,0.153846154,POS,0.7692307690000001
세기,1.0,0.0,POS,1.0
세대,1.0,0.0,POS,1.0
세련미,1.0,0.0,POS,1.0
세상,0.25,0.75,NEG,0.75
세속,0.0,1.0,NEG,1.0
세습,0.0,1.0,NEG,1.0
세우,0.666666667,0.333333333,POS,0.666666667
센스,1.0,0.0,POS,1.0
셈,0.333333333,0.0,None,0.5
셰익스피어,1.0,0.0,POS,1.0
소,0.0,0.0,None,1.0
소감,1.0,0.0,POS,1.0
소개,1.0,0.0,POS,1.0
소견,0.0,0.0,NEUT,1.0
소극적,0.0,1.0,NEG,1.0
소낙비,0.0,1.0,NEG,1.0
소녀,1.0,0.0,POS,1.0
소득,0.0,1.0,NEG,1.0
소리,0.0,1.0,NEG,1.0
소문,0.5,0.5,NEG,0.5
소변,0.0,1.0,NEG,1.0
소비자,0.5,0.5,NEG,0.5
소설,1.0,0.0,POS,1.0
소설집,0.0,1.0,NEG,1.0
소송,0.0,1.0,NEG,1.0
소수,0.0,1.0,NEG,1.0
소신,0.0,1.0,NEG,1.0
소심,0.0,1.0,NEG,1.0
소아마비,0.0,1.0,NEG,1.0
소외,0.0,0.0,COMP,1.0
소용,0.0,1.0,NEG,1.0
소위,0.0,1.0,NEG,1.0
소일,1.0,0.0,POS,1.0
소중,1.0,0.0,POS,1.0
소지,0.0,1.0,NEG,1.0
소홀,0.0,1.0,NEG,1.0
소홀히,0.0,1.0,NEG,1.0
소환,0.0,1.0,NEG,1.0
속,0.363636364,0.454545455,NEG,0.454545455
속내,0.5,0.0,COMP,0.5
속도,1.0,0.0,POS,1.0
속도감,1.0,0.0,POS,1.0
속이,0.0,1.0,NEG,1.0
속임수,0.0,1.0,NEG,1.0
속하,0.0,1.0,NEG,1.0
손,0.5,0.5,NEG,0.5
손꼽히,1.0,0.0,POS,1.0
손님,1.0,0.0,POS,1.0
손목,1.0,0.0,POS,1.0
손바닥,0.0,0.0,NEUT,1.0
손발,0.0,0.0,NEUT,1.0
손색,1.0,0.0,POS,1.0
손쉽,1.0,0.0,POS,1.0
손해,0.0,1.0,NEG,1.0
솔직,1.0,0.0,POS,1.0
솜씨,1.0,0.0,POS,1.0
송수신,1.0,0.0,POS,1.0
송편,1.0,0.0,POS,1.0
수,0.0,1.0,NEG,1.0
수놓,1.0,0.0,POS,1.0
수단,0.0,1.0,NEG,1.0
수려,1.0,0.0,POS,1.0
수미산,1.0,0.0,POS,1.0
수박,1.0,0.0,POS,1.0
수배,0.0,1.0,NEG,1.0
수분,0.0,1.0,NEG,1.0
수상,1.0,0.0,POS,1.0
수상작,1.0,0.0,POS,1.0
수십,1.0,0.0,POS,1.0
수없이,0.5,0.0,None,0.5
수영,0.0,1.0,NEG,1.0
수요,1.0,0.0,POS,1.0
수용,1.0,0.0,POS,1.0
수익,0.0,1.0,NEG,1.0
수입,1.0,0.0,POS,1.0
수준,0.0,1.0,NEG,1.0
수줍,1.0,0.0,POS,1.0
수직,0.0,0.0,NEUT,1.0
수퍼,1.0,0.0,POS,1.0
숙맥,0.0,1.0,NEG,1.0
숙연,1.0,0.0,POS,1.0
순간,1.0,0.0,POS,1.0
순례자,0.0,1.0,NEG,1.0
순수,0.0,1.0,NEG,1.0
순수익,1.0,0.0,POS,1.0
순진,0.0,1.0,NEG,1.0
숟가락,0.0,1.0,NEG,1.0
술,0.0,1.0,NEG,1.0
술술,1.0,0.0,POS,1.0
숨,0.333333333,0.666666667,NEG,0.666666667
숨소리,1.0,0.0,POS,1.0
숨지,0.0,1.0,NEG,1.0
숫자,0.0,1.0,NEG,1.0
숭배,0.0,1.0,NEG,1.0
숱하,0.0,1.0,NEG,1.0
숲,0.5,0.5,NEG,0.5
쉬,0.0,0.0,NEUT,1.0
쉽,0.5555555560000001,0.38888888899999996,POS,0.5555555560000001
스럽,0.529411765,0.41176470600000004,POS,0.529411765
스스로,1.0,0.0,POS,1.0
스타,1.0,0.0,POS,1.0
스토리,0.5,0.5,NEG,0.5
스펙터클,1.0,0.0,POS,1.0
슬프,0.0,1.0,NEG,1.0
슬픔,0.0,1.0,NEG,1.0
습관,0.0,1.0,NEG,1.0
습기,1.0,0.0,POS,1.0
습니까,1.0,0.0,POS,1.0
습니다,0.588235294,0.352941176,POS,0.588235294
승부,1.0,0.0,POS,1.0
승진,0.0,1.0,NEG,1.0
시,0.444444444,0.5555555560000001,NEG,0.5555555560000001
시각,0.5,0.0,NEUT,0.5
시간,0.25,0.75,NEG,0.75
시급,0.0,1.0,NEG,1.0
시기,0.0,1.0,NEG,1.0
시나리오,0.0,0.0,NEUT,1.0
시달리,0.0,1.0,NEG,1.0
시대,0.5,0.5,NEG,0.5
시도,1.0,0.0,POS,1.0
시련,0.0,1.0,NEG,1.0
시멘트,0.0,1.0,NEG,1.0
시사,0.0,0.0,NEUT,1.0
시선,1.0,0.0,POS,1.0
시설,1.0,0.0,POS,1.0
시약,0.0,1.0,NEG,1.0
시인,0.0,0.0,NEUT,1.0
시작,0.75,0.25,POS,0.75
시장,0.666666667,0.333333333,POS,0.666666667
시절,0.6,0.4,POS,0.6
시중,1.0,0.0,POS,1.0
시집,0.5,0.5,NEG,0.5
시치미,0.0,0.0,NEUT,1.0
시키,0.444444444,0.5555555560000001,NEG,0.5555555560000001
시험,0.0,1.0,NEG,1.0
식,0.0,0.0,None,1.0
식물,0.0,0.0,NEUT,1.0
식민,0.0,1.0,NEG,1.0
식욕,0.0,0.0,NEUT,1.0
식탁,0.0,1.0,NEG,1.0
식품,0.0,1.0,NEG,1.0
신,1.0,0.0,POS,1.0
신경,0.0,0.0,NEUT,1.0
신기,1.0,0.0,POS,1.0
신동,1.0,0.0,POS,1.0
신라,1.0,0.0,POS,1.0
신뢰,1.0,0.0,POS,1.0
신명,1.0,0.0,POS,1.0
신문,1.0,0.0,POS,1.0
신비,1.0,0.0,POS,1.0
신속히,1.0,0.0,POS,1.0
신화,1.0,0.0,POS,1.0
실감,1.0,0.0,POS,1.0
실로,0.0,1.0,NEG,1.0
실마리,1.0,0.0,POS,1.0
실명,0.0,1.0,NEG,1.0
실상,0.0,1.0,NEG,1.0
실용,1.0,0.0,POS,1.0
실정,1.0,0.0,POS,1.0
실제,0.0,0.0,None,1.0
실조,0.0,1.0,NEG,1.0
실천,0.666666667,0.0,POS,0.666666667
실패자,0.0,1.0,NEG,1.0
실현,0.75,0.25,POS,0.75
싫,0.0,1.0,NEG,1.0
싫어하,0.0,1.0,NEG,1.0
싫증,0.0,1.0,NEG,1.0
심각,0.0,1.0,NEG,1.0
심근,0.0,0.0,NEUT,1.0
심리,0.0,0.5,NEG,0.5
심부전증,0.0,0.0,NEUT,1.0
심심찮,0.0,0.0,NEUT,1.0
심위,1.0,0.0,POS,1.0
심장,0.0,0.0,COMP,0.5
심지어,0.0,0.0,None,1.0
심화,0.5,0.5,NEG,0.5
심회,0.0,1.0,NEG,1.0
십상,0.0,1.0,NEG,1.0
싶,0.52173913,0.17391304300000002,POS,0.52173913
싸,1.0,0.0,POS,1.0
싸구려,0.0,1.0,NEG,1.0
싸늘,0.0,1.0,NEG,1.0
싸우,0.0,1.0,NEG,1.0
싸움,0.0,1.0,NEG,1.0
쌓,1.0,0.0,POS,1.0
써먹,0.0,1.0,NEG,1.0
썩이,0.0,1.0,NEG,1.0
쏟,0.666666667,0.0,POS,0.666666667
쏟아지,1.0,0.0,POS,1.0
쏠리,1.0,0.0,POS,1.0
쏠쏠,1.0,0.0,POS,1.0
쏴아아,1.0,0.0,POS,1.0
쑥스럽,0.5,0.0,COMP,0.5
쓰,0.0,1.0,NEG,1.0
쓰러지,0.5,0.5,NEG,0.5
쓰레기,0.0,1.0,NEG,1.0
쓸쓸,0.333333333,0.333333333,COMP,0.333333333
씁쓸,0.0,1.0,NEG,1.0
씌우,0.0,1.0,NEG,1.0
씨,1.0,0.0,POS,1.0
씨발,0.0,1.0,NEG,1.0
아,0.533333333,0.36666666700000006,POS,0.533333333
아끼,1.0,0.0,POS,1.0
아내,0.0,1.0,NEG,1.0
아니,0.0,1.0,NEG,1.0
아도,0.0,0.166666667,None,0.666666667
아들,0.0,1.0,NEG,1.0
아라,1.0,0.0,POS,1.0
아랑곳,1.0,0.0,POS,1.0
아름답,0.7,0.3,POS,0.7
아마,1.0,0.0,POS,1.0
아무,0.0,1.0,NEG,1.0
아무래도,0.0,0.0,None,1.0
아무런,0.0,0.666666667,NEG,0.666666667
아무렇,1.0,0.0,POS,1.0
아버지,0.5,0.5,NEG,0.5
아빠,1.0,0.0,POS,1.0
아사,0.0,1.0,NEG,1.0
아서,0.28571428600000004,0.428571429,NEG,0.428571429
아성,1.0,0.0,POS,1.0
아쉬움,0.0,1.0,NEG,1.0
아쉽,0.0,1.0,NEG,1.0
아스팔트,1.0,0.0,POS,1.0
아시아,0.5,0.0,NEUT,0.5
아야,0.148148148,0.037037037,None,0.796296296
아야지,0.0,0.0,None,1.0
아연,0.0,1.0,NEG,1.0
아예,0.0,0.25,None,0.75
아요,0.0,1.0,NEG,1.0
아울러,0.0,0.0,None,1.0
아이,0.625,0.375,POS,0.625
아이러니,0.0,1.0,NEG,1.0
아주,0.75,0.25,POS,0.75
아직,0.0,0.6,NEG,0.6
아침,1.0,0.0,POS,1.0
아파트,0.0,1.0,NEG,1.0
아프,0.0,0.8,NEG,0.8
아픔,0.5,0.5,NEG,0.5
악기,0.0,1.0,NEG,1.0
악수,1.0,0.0,POS,1.0
악재,0.0,1.0,NEG,1.0
악절,1.0,0.0,POS,1.0
악화,0.0,1.0,NEG,1.0
안,0.25,0.5625,NEG,0.5625
안개,0.0,0.0,NEUT,1.0
안무가,1.0,0.0,POS,1.0
안방,1.0,0.0,POS,1.0
안보,1.0,0.0,POS,1.0
안스럽,0.0,1.0,NEG,1.0
안전,0.5,0.5,NEG,0.5
안절부절못하,1.0,0.0,POS,1.0
안정,0.0,1.0,NEG,1.0
안타까워하,0.0,1.0,NEG,1.0
안타깝,0.0,1.0,NEG,1.0
앉,0.0,0.0,NEUT,1.0
않,0.0,1.0,NEG,1.0
알,0.454545455,0.363636364,POS,0.454545455
알뜰,1.0,0.0,POS,1.0
알뜰히,0.0,1.0,NEG,1.0
알리,0.666666667,0.166666667,POS,0.666666667
알쏭달쏭,0.0,0.0,NEUT,1.0
알코올,0.0,1.0,NEG,1.0
앓,0.5,0.5,NEG,0.5
암흑,1.0,0.0,POS,1.0
압도,0.333333333,0.333333333,NEG,0.333333333
압박,0.0,1.0,NEG,1.0
앗,0.0,1.0,NEG,1.0
았,0.31707317100000004,0.5365853660000001,NEG,0.5365853660000001
았었,0.0,1.0,NEG,1.0
앙상,0.0,1.0,NEG,1.0
앞,0.333333333,0.5,NEG,0.5
앞서,0.0,1.0,NEG,1.0
앞장,1.0,0.0,POS,1.0
애,0.0,1.0,NEG,1.0
애꿎,0.0,1.0,NEG,1.0
애끊,0.0,0.0,COMP,1.0
애니메이션,1.0,0.0,POS,1.0
애닯,0.0,0.0,COMP,1.0
애용,1.0,0.0,POS,1.0
애정,1.0,0.0,POS,1.0
애타,1.0,0.0,POS,1.0
애틋,1.0,0.0,POS,1.0
액수,0.0,1.0,NEG,1.0
앱시다,0.0,1.0,NEG,1.0
앳되,1.0,0.0,POS,1.0
야,0.0,0.0,None,1.0
야릇,0.0,0.0,NEUT,1.0
약,0.0,1.0,NEG,1.0
약간,0.0,0.0,COMP,1.0
약골,0.0,1.0,NEG,1.0
약속,1.0,0.0,POS,1.0
약탈,0.0,1.0,NEG,1.0
약하,0.0,1.0,NEG,1.0
약혼,0.0,1.0,NEG,1.0
약화,1.0,0.0,POS,1.0
양,1.0,0.0,POS,1.0
양보,0.0,1.0,NEG,1.0
양상,0.0,1.0,NEG,1.0
양식,1.0,0.0,POS,1.0
양심,0.0,1.0,NEG,1.0
양탄자,1.0,0.0,POS,1.0
얘기,0.666666667,0.333333333,POS,0.666666667
어,0.0,1.0,NEG,1.0
어깨,1.0,0.0,POS,1.0
어느,0.2,0.4,NEG,0.4
어다,0.0,1.0,NEG,1.0
어다가,0.0,0.0,None,1.0
어도,0.0,0.25,None,0.75
어둠,0.666666667,0.333333333,POS,0.666666667
어둡,0.0,1.0,NEG,1.0
어디,0.0,0.333333333,COMP,0.333333333
어떠,0.0,1.0,NEG,1.0
어떤,0.25,0.375,NEG,0.375
어떻,0.166666667,0.333333333,None,0.5
어떻든,0.0,0.0,None,1.0
어라,0.666666667,0.0,POS,0.666666667
어려움,0.5,0.5,NEG,0.5
어렵,0.23809523800000001,0.761904762,NEG,0.761904762
어루만지,1.0,0.0,POS,1.0
어리,0.0,1.0,NEG,1.0
어리광,0.0,1.0,NEG,1.0
어린이,0.75,0.0,POS,0.75
어머니,0.5,0.5,NEG,0.5
어서,0.166666667,0.666666667,NEG,0.666666667
어야,0.088235294,0.058823529000000006,None,0.794117647
어야만,0.0,0.0,COMP,1.0
어야지요,1.0,0.0,POS,1.0
어요,0.0,0.666666667,NEG,0.666666667
어우러지,1.0,0.0,POS,1.0
어지럼증,0.0,1.0,NEG,1.0
어쨌든,0.0,0.0,None,1.0
어쩌,0.0,0.75,NEG,0.75
어찌,0.0,0.0,None,1.0
어처구니,0.0,1.0,NEG,1.0
억,0.0,1.0,NEG,1.0
억울,1.0,0.0,POS,1.0
억지,0.0,1.0,NEG,1.0
언로,0.5,0.5,NEG,0.5
언론,0.5,0.5,NEG,0.5
언제,0.0,1.0,NEG,1.0
언젠가,1.0,0.0,POS,1.0
얻,0.8888888890000001,0.111111111,POS,0.8888888890000001
얼,1.0,0.0,POS,1.0
얼굴,0.333333333,0.333333333,COMP,0.333333333
얼마,0.333333333,0.666666667,NEG,0.666666667
얼마나,0.571428571,0.428571429,POS,0.571428571
얼싸안,1.0,0.0,POS,1.0
얼씬거리,0.0,1.0,NEG,1.0
얼핏,0.5,0.0,NEUT,0.5
얽매이,1.0,0.0,POS,1.0
엄마,0.0,0.75,NEG,0.75
엄밀히,0.0,0.0,None,1.0
엄숙,1.0,0.0,POS,1.0
엄연,1.0,0.0,POS,1.0
엄연히,0.0,0.0,None,1.0
엄청나,0.75,0.25,POS,0.75
업,1.0,0.0,POS,1.0
업무,0.0,1.0,NEG,1.0
없,0.203883495,0.59223301,NEG,0.59223301
없이,0.294117647,0.470588235,NEG,0.470588235
엇나가,0.0,1.0,NEG,1.0
었,0.428571429,0.452380952,NEG,0.452380952
엉뚱,0.0,1.0,NEG,1.0
엉망진창,0.0,1.0,NEG,1.0
엉터리,0.0,1.0,NEG,1.0
에,0.37820512799999995,0.365384615,POS,0.37820512799999995
에게,0.454545455,0.363636364,POS,0.454545455
에너지,1.0,0.0,POS,1.0
에서,0.446808511,0.36170212799999996,POS,0.446808511
에서부터,0.0,0.0,None,1.0
에어로빅,1.0,0.0,POS,1.0
여,0.0,1.0,NEG,1.0
여기,0.5,0.5,NEG,0.5
여러,0.5,0.5,NEG,0.5
여론,1.0,0.0,POS,1.0
여물,1.0,0.0,POS,1.0
여백,1.0,0.0,POS,1.0
여부,0.0,1.0,NEG,1.0
여성,0.41666666700000005,0.5,NEG,0.5
여실히,0.0,0.0,None,1.0
여울,1.0,0.0,POS,1.0
여유,1.0,0.0,POS,1.0
여자,0.0,1.0,NEG,1.0
여전히,0.0,0.0,None,1.0
여지,0.0,0.5,NEG,0.5
여지껏,0.0,1.0,NEG,1.0
여차,0.0,0.0,None,1.0
역량,1.0,0.0,POS,1.0
역사,0.5,0.333333333,POS,0.5
역설,0.0,1.0,NEG,1.0
역시,0.333333333,0.0,NEUT,0.333333333
역작,1.0,0.0,POS,1.0
역행,0.0,1.0,NEG,1.0
연구,0.666666667,0.0,POS,0.666666667
연극,1.0,0.0,POS,1.0
연기,1.0,0.0,POS,1.0
연기파,1.0,0.0,POS,1.0
연민,0.0,1.0,NEG,1.0
연발,1.0,0.0,POS,1.0
연설,0.0,0.0,None,1.0
연속,0.0,1.0,NEG,1.0
연습,1.0,0.0,POS,1.0
연행,0.0,1.0,NEG,1.0
열,1.0,0.0,POS,1.0
열광,1.0,0.0,POS,1.0
열기,1.0,0.0,POS,1.0
열등,0.0,1.0,NEG,1.0
열리,1.0,0.0,POS,1.0
열망,1.0,0.0,POS,1.0
열매,0.5,0.5,NEG,0.5
열쇠,1.0,0.0,POS,1.0
열심히,1.0,0.0,POS,1.0
열연,1.0,0.0,POS,1.0
열정,1.0,0.0,POS,1.0
열창,1.0,0.0,POS,1.0
염하,1.0,0.0,POS,1.0
엿보,0.666666667,0.333333333,POS,0.666666667
영감,1.0,0.0,POS,1.0
영글,1.0,0.0,POS,1.0
영산,1.0,0.0,POS,1.0
영양,0.0,1.0,NEG,1.0
영역,0.0,1.0,NEG,1.0
영욕,0.0,0.0,COMP,1.0
영원히,1.0,0.0,POS,1.0
영태,1.0,0.0,POS,1.0
영향,1.0,0.0,POS,1.0
영혼,0.75,0.25,POS,0.75
영화,0.6,0.2,POS,0.6
예,0.0,1.0,NEG,1.0
예방,1.0,0.0,POS,1.0
예상,0.5,0.5,NEG,0.5
예수,0.0,0.0,NEUT,1.0
예술,0.833333333,0.166666667,POS,0.833333333
예술의전당,0.0,1.0,NEG,1.0
예술품,0.0,1.0,NEG,1.0
예전,1.0,0.0,POS,1.0
예정,0.833333333,0.0,POS,0.833333333
예지,1.0,0.0,POS,1.0
옛,0.666666667,0.333333333,POS,0.666666667
옛글,0.0,1.0,NEG,1.0
오,0.0,1.0,NEG,1.0
오늘날,0.0,0.0,COMP,1.0
오랜,0.5,0.5,NEG,0.5
오랫동안,0.0,1.0,NEG,1.0
오르,0.0,1.0,NEG,1.0
오른,1.0,0.0,POS,1.0
오만,0.0,1.0,NEG,1.0
오버,0.0,1.0,NEG,1.0
오빠,1.0,0.0,POS,1.0
오판,0.0,1.0,NEG,1.0
오히려,0.5,0.25,POS,0.5
옥살이,1.0,0.0,POS,1.0
온,0.5,0.5,NEG,0.5
온기,1.0,0.0,POS,1.0
온통,0.0,1.0,NEG,1.0
올리,0.666666667,0.333333333,POS,0.666666667
옮기,1.0,0.0,POS,1.0
옷,1.0,0.0,POS,1.0
옹호,0.5,0.5,NEG,0.5
와,1.0,0.0,POS,1.0
왁자지껄,1.0,0.0,POS,1.0
완비,1.0,0.0,POS,1.0
완전,0.5,0.5,NEG,0.5
완전히,0.5,0.0,None,0.5
왕년,1.0,0.0,POS,1.0
왕성,1.0,0.0,POS,1.0
왕실,0.0,1.0,NEG,1.0
왕조,0.0,1.0,NEG,1.0
왜,0.0,1.0,NEG,1.0
외국,0.5,0.5,NEG,0.5
외길,1.0,0.0,POS,1.0
외로움,0.0,1.0,NEG,1.0
외롭,1.0,0.0,POS,1.0
외면,0.0,1.0,NEG,1.0
외제,1.0,0.0,POS,1.0
요구,0.333333333,0.5,NEG,0.5
요령,1.0,0.0,POS,1.0
요리,1.0,0.0,POS,1.0
요원,1.0,0.0,POS,1.0
요인,1.0,0.0,POS,1.0
요지경,0.0,1.0,NEG,1.0
요청,1.0,0.0,POS,1.0
욕,0.0,1.0,NEG,1.0
욕망,0.428571429,0.428571429,NEG,0.428571429
욕심,0.0,1.0,NEG,1.0
욕심내,1.0,0.0,POS,1.0
용,1.0,0.0,POS,1.0
용서,0.0,1.0,NEG,1.0
용인,0.0,1.0,NEG,1.0
용품,1.0,0.0,POS,1.0
우뚝,1.0,0.0,POS,1.0
우려,0.0,1.0,NEG,1.0
우리,0.538461538,0.307692308,POS,0.538461538
우리말,1.0,0.0,POS,1.0
우선,0.0,0.0,None,1.0
우세,1.0,0.0,POS,1.0
우수,1.0,0.0,POS,1.0
우수상,1.0,0.0,POS,1.0
우스꽝스럽,0.0,1.0,NEG,1.0
우연,0.0,1.0,NEG,1.0
우연히,0.0,0.0,NEUT,1.0
우와,1.0,0.0,POS,1.0
우울,0.0,1.0,NEG,1.0
우정,1.0,0.0,POS,1.0
우주,1.0,0.0,POS,1.0
우호,0.0,1.0,NEG,1.0
운동,0.25,0.75,NEG,0.75
운보,1.0,0.0,POS,1.0
운치,1.0,0.0,POS,1.0
운항,0.0,1.0,NEG,1.0
울,1.0,0.0,POS,1.0
울리,0.333333333,0.333333333,NEG,0.333333333
울림,1.0,0.0,POS,1.0
울부짖,1.0,0.0,POS,1.0
울음,1.0,0.0,POS,1.0
울컥,0.0,1.0,NEG,1.0
울트라,1.0,0.0,POS,1.0
움직임,1.0,0.0,POS,1.0
움켜쥐,0.0,0.0,NEUT,1.0
웃,0.5,0.0,COMP,0.5
웃기,1.0,0.0,POS,1.0
웃음,1.0,0.0,POS,1.0
웅비,1.0,0.0,POS,1.0
워낙,0.0,0.0,None,1.0
원,0.571428571,0.428571429,POS,0.571428571
원래,1.0,0.0,POS,1.0
원만,1.0,0.0,POS,1.0
원천,1.0,0.0,POS,1.0
원칙,1.0,0.0,POS,1.0
원하,1.0,0.0,POS,1.0
원한,0.0,1.0,NEG,1.0
월,1.0,0.0,POS,1.0
웬,0.0,0.0,None,1.0
웬만,1.0,0.0,POS,1.0
위,0.0,1.0,NEG,1.0
위기,0.0,1.0,NEG,1.0
위기감,0.0,1.0,NEG,1.0
위대,1.0,0.0,POS,1.0
위력,0.0,0.0,NEUT,1.0
위반,0.0,1.0,NEG,1.0
위상,0.0,0.0,NEUT,1.0
위시,0.0,0.0,None,1.0
위원,1.0,0.0,POS,1.0
위주,0.0,1.0,NEG,1.0
위치,1.0,0.0,POS,1.0
위통,0.0,0.0,NEUT,1.0
위하,0.651162791,0.0,POS,0.651162791
위헌,0.0,1.0,NEG,1.0
위험,0.0,0.833333333,NEG,0.833333333
위협,0.0,1.0,NEG,1.0
유감,0.0,1.0,NEG,1.0
유공자,0.0,1.0,NEG,1.0
유기,0.5,0.5,NEG,0.5
유난,1.0,0.0,POS,1.0
유난히,0.0,0.0,None,1.0
유달리,0.0,1.0,NEG,1.0
유독,0.0,0.0,NEUT,1.0
유동,1.0,0.0,POS,1.0
유리,0.0,1.0,NEG,1.0
유머,1.0,0.0,POS,1.0
유명,1.0,0.0,POS,1.0
유민,1.0,0.0,POS,1.0
유사,1.0,0.0,POS,1.0
유수,1.0,0.0,POS,1.0
유신,0.0,1.0,NEG,1.0
유연,1.0,0.0,POS,1.0
유일,1.0,0.0,POS,1.0
유적,1.0,0.0,POS,1.0
유지,0.333333333,0.666666667,NEG,0.666666667
유치원,1.0,0.0,POS,1.0
유학,1.0,0.0,POS,1.0
유해,0.0,1.0,NEG,1.0
유행,1.0,0.0,POS,1.0
유행가,0.0,0.0,NEUT,1.0
유효,1.0,0.0,POS,1.0
윤전기,0.0,1.0,NEG,1.0
으나,0.153846154,0.0,None,0.846153846
으니,0.0,1.0,NEG,1.0
으라고,1.0,0.0,POS,1.0
으려,0.0,1.0,NEG,1.0
으려고,0.0,1.0,NEG,1.0
으려는,1.0,0.0,POS,1.0
으려면,0.0,0.0,None,1.0
으련만,0.0,1.0,NEG,1.0
으로,0.5697674420000001,0.255813953,POS,0.5697674420000001
으로부터,0.0,1.0,NEG,1.0
으로서,0.333333333,0.0,None,0.666666667
으면,0.46666666700000003,0.2,POS,0.46666666700000003
으면서,0.0,0.0,None,1.0
으스스,0.0,1.0,NEG,1.0
으시,0.0,1.0,NEG,1.0
은,0.413793103,0.413793103,NEG,0.413793103
은가,0.0,0.0,None,1.0
은은,1.0,0.0,POS,1.0
은혜,1.0,0.0,POS,1.0
을,0.25925925899999996,0.240740741,None,0.46296296299999995
을까,0.0,0.166666667,COMP,0.5
을까요,0.0,0.0,None,1.0
을지,0.0,1.0,NEG,1.0
을지언정,0.0,0.0,None,1.0
음,0.5,0.5,NEG,0.5
음산,1.0,0.0,POS,1.0
음습,1.0,0.0,POS,1.0
음악,0.5,0.5,NEG,0.5
음주,0.0,1.0,NEG,1.0
음직,0.0,0.0,None,1.0
응답,0.0,0.0,NEUT,1.0
응하,1.0,0.0,POS,1.0
의,0.581920904,0.327683616,POS,0.581920904
의견,1.0,0.0,POS,1.0
의구심,0.0,1.0,NEG,1.0
의도,0.8,0.0,POS,0.8
의무,1.0,0.0,POS,1.0
의문,0.0,1.0,NEG,1.0
의미,0.5,0.25,POS,0.5
의사,0.0,1.0,NEG,1.0
의식,0.166666667,0.5,NEG,0.5
의심,0.0,1.0,NEG,1.0
의아,0.0,1.0,NEG,1.0
의외,1.0,0.0,POS,1.0
의욕,0.5,0.5,NEG,0.5
의존,1.0,0.0,POS,1.0
의지,0.4,0.4,NEG,0.4
의하,0.0,1.0,NEG,1.0
의학,0.0,1.0,NEG,1.0
의혹,0.0,1.0,NEG,1.0
이,1.0,0.0,POS,1.0
이거,0.0,0.0,COMP,1.0
이것,0.0,1.0,NEG,1.0
이견,0.0,1.0,NEG,1.0
이권,0.0,1.0,NEG,1.0
이글거리,0.0,0.0,NEUT,1.0
이기,0.0,1.0,NEG,1.0
이끌,1.0,0.0,POS,1.0
이나,0.5,0.0,NEUT,0.5
이념,1.0,0.0,POS,1.0
이라고,0.25,0.5,NEG,0.5
이러,0.0,0.0,None,1.0
이런,1.0,0.0,POS,1.0
이런저런,1.0,0.0,POS,1.0
이렇,0.0,0.333333333,None,0.666666667
이롭,1.0,0.0,POS,1.0
이루,0.0,1.0,NEG,1.0
이르,0.5,0.0,None,0.5
이른바,0.0,0.0,None,1.0
이름,0.5,0.5,NEG,0.5
이름나,1.0,0.0,POS,1.0
이리,1.0,0.0,POS,1.0
이목,1.0,0.0,POS,1.0
이미,0.666666667,0.0,POS,0.666666667
이민자,0.0,1.0,NEG,1.0
이번,0.0,1.0,NEG,1.0
이벤트,1.0,0.0,POS,1.0
이빨,0.0,0.0,NEUT,1.0
이상,0.25,0.625,NEG,0.625
이색,1.0,0.0,POS,1.0
이야기,0.7142857140000001,0.14285714300000002,POS,0.7142857140000001
이어지,1.0,0.0,POS,1.0
이역만리,1.0,0.0,POS,1.0
이용,1.0,0.0,POS,1.0
이용법,1.0,0.0,POS,1.0
이유,0.333333333,0.5,NEG,0.5
이전,1.0,0.0,POS,1.0
이제,0.25,0.75,NEG,0.75
이채,1.0,0.0,POS,1.0
이치,1.0,0.0,POS,1.0
이한탁,1.0,0.0,POS,1.0
이해,0.375,0.625,NEG,0.625
이해득실,1.0,0.0,POS,1.0
이후,0.0,1.0,NEG,1.0
익사,0.0,1.0,NEG,1.0
익살,1.0,0.0,POS,1.0
익숙,1.0,0.0,POS,1.0
인,1.0,0.0,POS,1.0
인간,0.4,0.6,NEG,0.6
인간애,1.0,0.0,POS,1.0
인건비,0.0,1.0,NEG,1.0
인권,1.0,0.0,POS,1.0
인기,1.0,0.0,POS,1.0
인기작,1.0,0.0,POS,1.0
인력난,0.0,1.0,NEG,1.0
인상,0.666666667,0.333333333,POS,0.666666667
인생,0.5,0.5,NEG,0.5
인식,0.8,0.2,POS,0.8
인원,0.5,0.5,NEG,0.5
인정,0.833333333,0.166666667,POS,0.833333333
인정받,1.0,0.0,POS,1.0
인종,0.0,1.0,NEG,1.0
인터뷰,0.0,1.0,NEG,1.0
일,0.25,0.5,NEG,0.5
일관,1.0,0.0,POS,1.0
일깨우,0.0,1.0,NEG,1.0
일단,0.0,0.0,None,1.0
일반,0.5,0.5,NEG,0.5
일방,0.0,1.0,NEG,1.0
일본,1.0,0.0,POS,1.0
일본군,0.0,1.0,NEG,1.0
일부,0.0,1.0,NEG,1.0
일삼,0.0,1.0,NEG,1.0
일색,0.0,1.0,NEG,1.0
일어나,0.0,0.5,NEG,0.5
일으키,0.0,1.0,NEG,1.0
일정,0.0,1.0,NEG,1.0
일종,0.0,0.0,None,1.0
일직선,0.0,1.0,NEG,1.0
일찍,0.0,1.0,NEG,1.0
일체,1.0,0.0,POS,1.0
일치,1.0,0.0,POS,1.0
일터,0.0,1.0,NEG,1.0
읽,0.4,0.2,NEUT,0.4
읽히,1.0,0.0,POS,1.0
잃,0.0,1.0,NEG,1.0
잃어버리,1.0,0.0,POS,1.0
임금,1.0,0.0,POS,1.0
임금제,1.0,0.0,POS,1.0
임산물,1.0,0.0,POS,1.0
임하,1.0,0.0,POS,1.0
입,0.25,0.75,NEG,0.75
입국자,0.0,1.0,NEG,1.0
입력,1.0,0.0,POS,1.0
입술,0.5,0.5,NEG,0.5
입시,0.0,1.0,NEG,1.0
입장,0.5,0.5,NEG,0.5
입증,0.0,0.0,NEUT,1.0
입히,0.5,0.5,NEG,0.5
잇따르,0.0,1.0,NEG,1.0
있,0.75,0.0,POS,0.75
잉태,0.0,1.0,NEG,1.0
잊,0.333333333,0.333333333,NEG,0.333333333
잊히,1.0,0.0,POS,1.0
자,0.333333333,0.333333333,NEG,0.333333333
자고,0.333333333,0.0,None,0.666666667
자구,0.0,1.0,NEG,1.0
자구책,1.0,0.0,POS,1.0
자그맣,1.0,0.0,POS,1.0
자극,0.75,0.25,POS,0.75
자긍,1.0,0.0,POS,1.0
자긍심,1.0,0.0,POS,1.0
자기,0.4,0.6,NEG,0.6
자꾸,0.0,1.0,NEG,1.0
자녀,1.0,0.0,POS,1.0
자는,0.0,0.0,None,1.0
자니,0.0,1.0,NEG,1.0
자동차,1.0,0.0,POS,1.0
자라,0.0,0.666666667,NEG,0.666666667
자랑,1.0,0.0,POS,1.0
자랑스레,1.0,0.0,POS,1.0
자리,0.833333333,0.166666667,POS,0.833333333
자면,0.0,0.5,NEG,0.5
자못,0.0,0.0,COMP,1.0
자백,0.0,1.0,NEG,1.0
자본주의,0.0,1.0,NEG,1.0
자비,1.0,0.0,POS,1.0
자상,1.0,0.0,POS,1.0
자세,1.0,0.0,POS,1.0
자세히,1.0,0.0,POS,1.0
자신,0.5,0.5,NEG,0.5
자신만만,1.0,0.0,POS,1.0
자아,1.0,0.0,POS,1.0
자아내,1.0,0.0,POS,1.0
자연,1.0,0.0,POS,1.0
자원,1.0,0.0,POS,1.0
자유,0.666666667,0.333333333,POS,0.666666667
자제력,0.0,1.0,NEG,1.0
자주,1.0,0.0,POS,1.0
자처,0.0,1.0,NEG,1.0
자청,0.0,1.0,NEG,1.0
자충수,0.0,1.0,NEG,1.0
자칫,0.0,0.0,None,1.0
작,0.5,0.5,NEG,0.5
작가,1.0,0.0,POS,1.0
작곡가,1.0,0.0,POS,1.0
작동,0.0,1.0,NEG,1.0
작법,1.0,0.0,POS,1.0
작업,0.0,0.5,NEG,0.5
작용,1.0,0.0,POS,1.0
작전,1.0,0.0,POS,1.0
작품,0.333333333,0.0,COMP,0.333333333
잔뼈,1.0,0.0,POS,1.0
잔인,0.0,1.0,NEG,1.0
잔치,1.0,0.0,POS,1.0
잔치상,1.0,0.0,POS,1.0
잔치판,1.0,0.0,POS,1.0
잔털,1.0,0.0,POS,1.0
잖아,0.0,1.0,NEG,1.0
잖아요,0.5,0.5,NEG,0.5
잘,0.7142857140000001,0.214285714,POS,0.7142857140000001
잘못,0.0,1.0,NEG,1.0
잠들,0.0,1.0,NEG,1.0
잡,0.5,0.5,NEG,0.5
잡아가,1.0,0.0,POS,1.0
잡아먹,0.0,0.0,COMP,1.0
잡히,1.0,0.0,POS,1.0
장,1.0,0.0,POS,1.0
장기,0.5,0.5,NEG,0.5
장난,1.0,0.0,POS,1.0
장담,1.0,0.0,POS,1.0
장대,1.0,0.0,POS,1.0
장래,1.0,0.0,POS,1.0
장사진,1.0,0.0,POS,1.0
장애,0.0,0.0,NEUT,1.0
장엄,1.0,0.0,POS,1.0
장점,1.0,0.0,POS,1.0
장주,0.0,0.0,NEUT,1.0
잦,0.0,1.0,NEG,1.0
재,0.5,0.0,COMP,0.5
재롱떨,0.0,1.0,NEG,1.0
재물,0.0,1.0,NEG,1.0
재미,1.0,0.0,POS,1.0
재미있,1.0,0.0,POS,1.0
재봉틀,0.0,0.0,NEUT,1.0
재산,0.0,1.0,NEG,1.0
재앙,0.0,1.0,NEG,1.0
재연,0.0,1.0,NEG,1.0
재잘대,1.0,0.0,POS,1.0
재주,0.5,0.5,NEG,0.5
재현,1.0,0.0,POS,1.0
쟁이,0.0,1.0,NEG,1.0
쟁쟁,1.0,0.0,POS,1.0
쟁점,0.0,0.5,COMP,0.5
저,0.0,1.0,NEG,1.0
저거,0.0,0.0,COMP,1.0
저것,0.0,1.0,NEG,1.0
저리도,0.0,0.0,None,1.0
저속,0.0,1.0,NEG,1.0
저술,1.0,0.0,POS,1.0
저의,0.0,0.0,NEUT,1.0
저절로,1.0,0.0,POS,1.0
저지르,0.5,0.5,NEG,0.5
저하,0.0,1.0,NEG,1.0
적,0.0,1.0,NEG,1.0
적격,1.0,0.0,POS,1.0
적극,1.0,0.0,POS,1.0
적당,1.0,0.0,POS,1.0
적도,1.0,0.0,POS,1.0
적막,0.0,1.0,NEG,1.0
적반하장,0.0,1.0,NEG,1.0
적어도,0.0,0.5,NEG,0.5
적응력,0.5,0.5,NEG,0.5
적절,1.0,0.0,POS,1.0
적정,1.0,0.0,POS,1.0
적합,0.0,1.0,NEG,1.0
전,0.0,0.0,NEUT,1.0
전국,0.5,0.0,NEUT,0.5
전념,1.0,0.0,POS,1.0
전락,0.0,1.0,NEG,1.0
전략,0.0,1.0,NEG,1.0
전례,0.5,0.0,NEUT,0.5
전망,0.5,0.25,POS,0.5
전무,0.0,1.0,NEG,1.0
전문,0.8,0.2,POS,0.8
전문가,1.0,0.0,POS,1.0
전반,1.0,0.0,POS,1.0
전시,1.0,0.0,POS,1.0
전시장,1.0,0.0,POS,1.0
전쟁,0.0,1.0,NEG,1.0
전적,0.0,0.0,None,1.0
전제,1.0,0.0,POS,1.0
전조,0.0,0.0,NEUT,1.0
전철,0.0,1.0,NEG,1.0
전통,1.0,0.0,POS,1.0
전투,1.0,0.0,POS,1.0
전하,1.0,0.0,POS,1.0
전혀,0.8,0.2,POS,0.8
전형,0.0,1.0,NEG,1.0
전화,1.0,0.0,POS,1.0
전화기,1.0,0.0,POS,1.0
절감,0.5,0.5,NEG,0.5
절규,0.0,1.0,NEG,1.0
절대,0.5,0.5,NEG,0.5
절대로,0.0,1.0,NEG,1.0
절대주의,1.0,0.0,POS,1.0
절도,1.0,0.0,POS,1.0
절레절레,0.0,1.0,NEG,1.0
절로,1.0,0.0,POS,1.0
절망,0.333333333,0.666666667,NEG,0.666666667
절망감,0.0,1.0,NEG,1.0
절박,0.0,1.0,NEG,1.0
절반,1.0,0.0,POS,1.0
절실히,1.0,0.0,POS,1.0
젊,0.666666667,0.0,POS,0.666666667
젊음,1.0,0.0,POS,1.0
점,0.333333333,0.0,NEUT,0.333333333
점검,0.0,0.0,NEUT,1.0
점령,0.0,1.0,NEG,1.0
점수,0.0,0.0,COMP,1.0
점잖,1.0,0.0,POS,1.0
점점,0.0,1.0,NEG,1.0
점진,1.0,0.0,POS,1.0
접근,1.0,0.0,POS,1.0
정,0.0,1.0,NEG,1.0
정겹,1.0,0.0,POS,1.0
정교,1.0,0.0,POS,1.0
정기,1.0,0.0,POS,1.0
정도,0.333333333,0.26666666699999997,None,0.333333333
정들,0.0,1.0,NEG,1.0
정리,1.0,0.0,POS,1.0
정말,0.75,0.0,POS,0.75
정보,1.0,0.0,POS,1.0
정부,1.0,0.0,POS,1.0
정상,1.0,0.0,POS,1.0
정서,1.0,0.0,POS,1.0
정성껏,1.0,0.0,POS,1.0
정숙,1.0,0.0,POS,1.0
정신,0.5,0.5,NEG,0.5
정신병,0.0,1.0,NEG,1.0
정의,0.0,0.0,NEUT,1.0
정작,0.0,0.0,None,1.0
정지선,0.0,1.0,NEG,1.0
정착,1.0,0.0,POS,1.0
정책,0.5,0.5,NEG,0.5
정체,0.0,1.0,NEG,1.0
정취,1.0,0.0,POS,1.0
정치,0.0,1.0,NEG,1.0
정하,1.0,0.0,POS,1.0
정화,1.0,0.0,POS,1.0
정확,0.0,1.0,NEG,1.0
정확히,0.0,1.0,NEG,1.0
젖,0.333333333,0.666666667,NEG,0.666666667
제,1.0,0.0,POS,1.0
제공,1.0,0.0,POS,1.0
제기,0.0,0.833333333,NEG,0.833333333
제대로,0.333333333,0.666666667,NEG,0.666666667
제도,0.5,0.5,NEG,0.5
제발,0.0,1.0,NEG,1.0
제수,1.0,0.0,POS,1.0
제시,0.6,0.2,POS,0.6
제아무리,0.0,1.0,NEG,1.0
제안,1.0,0.0,POS,1.0
제왕,0.0,1.0,NEG,1.0
제자리,0.0,1.0,NEG,1.0
제재,1.0,0.0,POS,1.0
제조,0.0,0.0,NEUT,1.0
제치,1.0,0.0,POS,1.0
제품,0.333333333,0.0,NEUT,0.666666667
제한,0.0,1.0,NEG,1.0
조,0.0,1.0,NEG,1.0
조각가,1.0,0.0,POS,1.0
조건,1.0,0.0,POS,1.0
조금,0.0,0.5,NEG,0.5
조류,1.0,0.0,POS,1.0
조리기,1.0,0.0,POS,1.0
조명,1.0,0.0,POS,1.0
조선,0.0,1.0,NEG,1.0
조성,0.0,1.0,NEG,1.0
조속,1.0,0.0,POS,1.0
조언,1.0,0.0,POS,1.0
조절,1.0,0.0,POS,1.0
조직,0.5,0.5,NEG,0.5
조차,0.0,0.5,NEG,0.5
조치,0.5,0.5,NEG,0.5
조화,1.0,0.0,POS,1.0
존경,1.0,0.0,POS,1.0
존귀,1.0,0.0,POS,1.0
존재,1.0,0.0,POS,1.0
존중,1.0,0.0,POS,1.0
졸,0.0,1.0,NEG,1.0
졸속,0.0,1.0,NEG,1.0
좀,1.0,0.0,POS,1.0
좀체,0.0,1.0,NEG,1.0
좁,0.0,1.0,NEG,1.0
종교인,0.0,0.0,NEUT,1.0
종류,1.0,0.0,POS,1.0
종용,0.0,1.0,NEG,1.0
종합,0.0,0.0,NEUT,1.0
좋,0.92,0.04,POS,0.92
좋아하,1.0,0.0,POS,1.0
좌수,0.0,1.0,NEG,1.0
좌절감,0.0,1.0,NEG,1.0
좌파,0.0,0.0,NEUT,1.0
죄,0.0,1.0,NEG,1.0
죄의식,0.0,1.0,NEG,1.0
죠,0.0,0.0,None,1.0
주,0.6,0.4,POS,0.6
주간,1.0,0.0,POS,1.0
주검,1.0,0.0,POS,1.0
주례,1.0,0.0,POS,1.0
주로,0.0,1.0,NEG,1.0
주류,1.0,0.0,POS,1.0
주목,0.333333333,0.166666667,COMP,0.333333333
주문,1.0,0.0,POS,1.0
주방,0.0,0.0,NEUT,1.0
주변,1.0,0.0,POS,1.0
주선,1.0,0.0,POS,1.0
주어지,1.0,0.0,POS,1.0
주위,0.0,1.0,NEG,1.0
주일,0.0,1.0,NEG,1.0
주입,0.0,1.0,NEG,1.0
주장,0.588235294,0.294117647,POS,0.588235294
주저,1.0,0.0,POS,1.0
주전자,1.0,0.0,POS,1.0
주창,1.0,0.0,POS,1.0
주체,0.75,0.25,POS,0.75
죽,0.166666667,0.833333333,NEG,0.833333333
죽음,0.0,1.0,NEG,1.0
준비,0.75,0.25,POS,0.75
준수,1.0,0.0,POS,1.0
준엄,1.0,0.0,POS,1.0
줄,0.0,1.0,NEG,1.0
줄곧,0.0,1.0,NEG,1.0
줄어들,0.0,1.0,NEG,1.0
줄이,1.0,0.0,POS,1.0
줏대,0.0,1.0,NEG,1.0
중,1.0,0.0,POS,1.0
중고,1.0,0.0,POS,1.0
중국,0.0,1.0,NEG,1.0
중단,0.0,1.0,NEG,1.0
중대,0.0,1.0,NEG,1.0
중독,0.0,1.0,NEG,1.0
중론,0.0,0.0,NEUT,1.0
중심,1.0,0.0,POS,1.0
중앙,1.0,0.0,POS,1.0
중얼거리,0.0,1.0,NEG,1.0
중요,1.0,0.0,POS,1.0
중점,1.0,0.0,POS,1.0
중주단,1.0,0.0,POS,1.0
중화,0.0,1.0,NEG,1.0
쥐,1.0,0.0,POS,1.0
즉,0.0,0.0,None,1.0
즉각,0.0,1.0,NEG,1.0
즐거움,1.0,0.0,POS,1.0
즐겁,1.0,0.0,POS,1.0
즐기,1.0,0.0,POS,1.0
증가,0.0,1.0,NEG,1.0
증명,1.0,0.0,POS,1.0
증상,0.0,1.0,NEG,1.0
증언,0.0,0.0,NEUT,1.0
증여세,0.0,1.0,NEG,1.0
증폭,0.0,1.0,NEG,1.0
지,0.294117647,0.638655462,NEG,0.638655462
지갑,1.0,0.0,POS,1.0
지겹,0.0,1.0,NEG,1.0
지구,0.0,1.0,NEG,1.0
지극히,0.0,1.0,NEG,1.0
지금,0.333333333,0.666666667,NEG,0.666666667
지나,0.333333333,0.333333333,NEG,0.333333333
지나치,0.0,1.0,NEG,1.0
지난,0.0,1.0,NEG,1.0
지난번,1.0,0.0,POS,1.0
지내,0.0,1.0,NEG,1.0
지니,1.0,0.0,POS,1.0
지르,1.0,0.0,POS,1.0
지만,0.09375,0.09375,None,0.78125
지망,1.0,0.0,POS,1.0
지방,0.5,0.5,NEG,0.5
지배,0.0,1.0,NEG,1.0
지속,0.5,0.5,NEG,0.5
지식,0.5,0.5,NEG,0.5
지역,0.0,0.0,NEUT,1.0
지요,0.333333333,0.333333333,NEG,0.333333333
지우,0.0,1.0,NEG,1.0
지원,0.5,0.5,NEG,0.5
지원자,1.0,0.0,POS,1.0
지위,1.0,0.0,POS,1.0
지적,0.0,0.9,NEG,0.9
지점,0.0,1.0,NEG,1.0
지정,1.0,0.0,POS,1.0
지지,1.0,0.0,POS,1.0
지진,1.0,0.0,POS,1.0
지치,0.0,1.0,NEG,1.0
지키,1.0,0.0,POS,1.0
지하철,0.0,1.0,NEG,1.0
지향,1.0,0.0,POS,1.0
지혜,1.0,0.0,POS,1.0
지휘자,1.0,0.0,POS,1.0
직결,1.0,0.0,POS,1.0
직무,0.0,1.0,NEG,1.0
직전,0.0,1.0,NEG,1.0
직접,0.666666667,0.333333333,POS,0.666666667
진귀,1.0,0.0,POS,1.0
진단,0.333333333,0.333333333,NEG,0.333333333
진면목,1.0,0.0,POS,1.0
진보,1.0,0.0,POS,1.0
진수,1.0,0.0,POS,1.0
진실,0.8,0.2,POS,0.8
진심,1.0,0.0,POS,1.0
진원지,1.0,0.0,POS,1.0
진정,1.0,0.0,POS,1.0
진지,1.0,0.0,POS,1.0
진출,1.0,0.0,POS,1.0
진통,0.0,1.0,NEG,1.0
질,1.0,0.0,POS,1.0
질문,0.0,0.0,NEUT,1.0
질병,1.0,0.0,POS,1.0
질주,0.0,1.0,NEG,1.0
질책,0.0,1.0,NEG,1.0
질타,0.0,1.0,NEG,1.0
질투,0.0,1.0,NEG,1.0
질환,0.0,0.5,NEG,0.5
집,0.5,0.5,NEG,0.5
집단,0.4,0.6,NEG,0.6
집대성,1.0,0.0,POS,1.0
집주인,1.0,0.0,POS,1.0
집중,0.5,0.5,NEG,0.5
집착,1.0,0.0,POS,1.0
짓,0.0,1.0,NEG,1.0
징후,0.0,1.0,NEG,1.0
짙,0.0,0.0,NEUT,1.0
짜리,0.0,1.0,NEG,1.0
짜이,1.0,0.0,POS,1.0
짝,0.0,1.0,NEG,1.0
짧,0.0,1.0,NEG,1.0
째,1.0,0.0,POS,1.0
쪽,0.0,1.0,NEG,1.0
찢,0.0,1.0,NEG,1.0
찢어지,0.0,1.0,NEG,1.0
차,0.666666667,0.333333333,POS,0.666666667
차갑,1.0,0.0,POS,1.0
차단,0.0,1.0,NEG,1.0
차마,0.0,0.0,None,1.0
차별,0.5,0.5,NEG,0.5
차세대,1.0,0.0,POS,1.0
차이,0.0,1.0,NEG,1.0
차지,1.0,0.0,POS,1.0
차질,1.0,0.0,POS,1.0
착각,0.0,1.0,NEG,1.0
착실,1.0,0.0,POS,1.0
착잡,0.0,1.0,NEG,1.0
착하,1.0,0.0,POS,1.0
찬성,0.0,1.0,NEG,1.0
찬양,1.0,0.0,POS,1.0
찬찬히,1.0,0.0,POS,1.0
참,1.0,0.0,POS,1.0
참가,0.0,1.0,NEG,1.0
참담,0.0,1.0,NEG,1.0
참변,0.0,1.0,NEG,1.0
참여,1.0,0.0,POS,1.0
창가,0.0,0.0,NEUT,1.0
창문,0.0,1.0,NEG,1.0
창시자,1.0,0.0,POS,1.0
창작,0.5,0.0,NEUT,0.5
창작곡,1.0,0.0,POS,1.0
창조,0.0,1.0,NEG,1.0
찾,1.0,0.0,POS,1.0
찾아오,1.0,0.0,POS,1.0
채,0.0,1.0,NEG,1.0
채소,1.0,0.0,POS,1.0
채용,0.0,1.0,NEG,1.0
채택,1.0,0.0,POS,1.0
책,0.7142857140000001,0.14285714300000002,POS,0.7142857140000001
책임,0.0,1.0,NEG,1.0
책임자,0.0,0.0,NEUT,1.0
처럼,0.5555555560000001,0.444444444,POS,0.5555555560000001
처리,0.0,0.5,NEG,0.5
처음,0.428571429,0.28571428600000004,POS,0.428571429
처절,0.0,1.0,NEG,1.0
처지,0.0,1.0,NEG,1.0
처하,0.0,1.0,NEG,1.0
척,0.0,1.0,NEG,1.0
척박,0.0,1.0,NEG,1.0
천,0.666666667,0.333333333,POS,0.666666667
천만,0.5,0.5,NEG,0.5
천사,1.0,0.0,POS,1.0
천지,0.0,1.0,NEG,1.0
천진,1.0,0.0,POS,1.0
철,0.0,1.0,NEG,1.0
철이,0.0,1.0,NEG,1.0
철저,1.0,0.0,POS,1.0
철학,1.0,0.0,POS,1.0
첨단,1.0,0.0,POS,1.0
첫,0.5,0.5,NEG,0.5
첫걸음,1.0,0.0,POS,1.0
청,1.0,0.0,POS,1.0
청구,0.0,1.0,NEG,1.0
청와대,0.5,0.5,NEG,0.5
체,0.0,1.0,NEG,1.0
체계,1.0,0.0,POS,1.0
체면,1.0,0.0,POS,1.0
체제,0.0,1.0,NEG,1.0
체질,1.0,0.0,POS,1.0
체험,1.0,0.0,POS,1.0
초,1.0,0.0,POS,1.0
초과,0.0,1.0,NEG,1.0
초기,0.0,1.0,NEG,1.0
초목,0.0,0.0,NEUT,1.0
초미,0.0,0.0,COMP,1.0
초점,1.0,0.0,POS,1.0
촉구,0.333333333,0.333333333,COMP,0.333333333
촉망,1.0,0.0,POS,1.0
촉촉,0.0,0.0,COMP,1.0
촌평,0.0,0.0,NEUT,1.0
촘촘,0.0,1.0,NEG,1.0
총력전,0.0,0.0,NEUT,1.0
총리,1.0,0.0,POS,1.0
총살,0.0,1.0,NEG,1.0
총소리,1.0,0.0,POS,1.0
촬영,1.0,0.0,POS,1.0
최,1.0,0.0,POS,1.0
최고,0.8888888890000001,0.111111111,POS,0.8888888890000001
최근,1.0,0.0,POS,1.0
최대,0.5,0.333333333,POS,0.5
최선,1.0,0.0,POS,1.0
최소,1.0,0.0,POS,1.0
최악,0.0,1.0,NEG,1.0
최저,1.0,0.0,POS,1.0
최초,1.0,0.0,POS,1.0
최후,0.0,1.0,NEG,1.0
쵸티,1.0,0.0,POS,1.0
추,1.0,0.0,POS,1.0
추격,0.0,1.0,NEG,1.0
추구,1.0,0.0,POS,1.0
추락,0.0,1.0,NEG,1.0
추산,0.0,0.0,NEUT,1.0
추석,1.0,0.0,POS,1.0
추억,1.0,0.0,POS,1.0
추정,0.5,0.0,NEUT,0.5
추진,0.8,0.2,POS,0.8
추천,0.666666667,0.0,POS,0.666666667
축소,1.0,0.0,POS,1.0
축제,1.0,0.0,POS,1.0
축하,0.0,1.0,NEG,1.0
출연,0.0,1.0,NEG,1.0
출혈,0.0,0.0,NEUT,1.0
춤,1.0,0.0,POS,1.0
충격,0.0,1.0,NEG,1.0
충분,0.5,0.5,NEG,0.5
충분히,1.0,0.0,POS,1.0
충실,1.0,0.0,POS,1.0
충실히,1.0,0.0,POS,1.0
충족,1.0,0.0,POS,1.0
취하,0.0,1.0,NEG,1.0
취향,1.0,0.0,POS,1.0
측면,1.0,0.0,POS,1.0
치,0.666666667,0.0,POS,0.666666667
치밀,0.0,1.0,NEG,1.0
치열,0.5,0.0,NEUT,0.5
치유,1.0,0.0,POS,1.0
친근,1.0,0.0,POS,1.0
친근감,1.0,0.0,POS,1.0
친숙,1.0,0.0,POS,1.0
친하,1.0,0.0,POS,1.0
침략,0.0,1.0,NEG,1.0
칭찬,0.0,1.0,NEG,1.0
카드,1.0,0.0,POS,1.0
카메라,1.0,0.0,POS,1.0
칼날,0.0,1.0,NEG,1.0
캄캄,1.0,0.0,POS,1.0
캐릭터,1.0,0.0,POS,1.0
커다랗,0.666666667,0.333333333,POS,0.666666667
컴플렉스,0.0,1.0,NEG,1.0
콜럼버스,0.0,1.0,NEG,1.0
콩,0.0,0.0,NEUT,1.0
쿠데타,0.0,1.0,NEG,1.0
큐브,1.0,0.0,POS,1.0
크,0.448275862,0.482758621,NEG,0.482758621
크림,1.0,0.0,POS,1.0
큼직,1.0,0.0,POS,1.0
키우,1.0,0.0,POS,1.0
키히카,0.0,1.0,NEG,1.0
타,1.0,0.0,POS,1.0
타개,1.0,0.0,POS,1.0
타고나,0.0,1.0,NEG,1.0
타당,1.0,0.0,POS,1.0
타락,0.0,1.0,NEG,1.0
타의,1.0,0.0,POS,1.0
타협,1.0,0.0,POS,1.0
탁월,1.0,0.0,POS,1.0
탄로,0.0,1.0,NEG,1.0
탄생,1.0,0.0,POS,1.0
탈피,1.0,0.0,POS,1.0
탐구,1.0,0.0,POS,1.0
탐방,1.0,0.0,POS,1.0
탓,0.0,0.333333333,None,0.666666667
탕감,1.0,0.0,POS,1.0
태극기,0.5,0.5,NEG,0.5
태도,1.0,0.0,POS,1.0
태세,1.0,0.0,POS,1.0
태익,1.0,0.0,POS,1.0
택하,1.0,0.0,POS,1.0
터,0.0,0.0,None,1.0
터무니,0.0,1.0,NEG,1.0
터번,1.0,0.0,POS,1.0
턱,0.0,1.0,NEG,1.0
털,1.0,0.0,POS,1.0
테러,0.0,1.0,NEG,1.0
텍스트,1.0,0.0,POS,1.0
토끼,1.0,0.0,POS,1.0
토론,0.5,0.0,COMP,0.5
토인비,0.0,0.0,NEUT,1.0
토하,0.0,0.333333333,NEUT,0.666666667
통곡,0.0,1.0,NEG,1.0
통로,1.0,0.0,POS,1.0
통속,0.0,0.0,NEUT,1.0
통제,0.0,1.0,NEG,1.0
통증,0.0,0.0,NEUT,1.0
통찰,1.0,0.0,POS,1.0
통찰력,1.0,0.0,POS,1.0
통첩,0.0,1.0,NEG,1.0
통하,0.0,1.0,NEG,1.0
통화,1.0,0.0,POS,1.0
퇴보,0.0,1.0,NEG,1.0
퇴색,0.0,1.0,NEG,1.0
퇴조,0.0,1.0,NEG,1.0
퇴폐,0.0,1.0,NEG,1.0
투게더,1.0,0.0,POS,1.0
투사,0.0,1.0,NEG,1.0
투성이,0.0,0.5,NEG,0.5
투쟁,0.0,1.0,NEG,1.0
튀,0.5,0.5,NEG,0.5
튀어나오,0.0,1.0,NEG,1.0
특급,1.0,0.0,POS,1.0
특성,1.0,0.0,POS,1.0
특수,1.0,0.0,POS,1.0
특유,1.0,0.0,POS,1.0
특이,1.0,0.0,POS,1.0
특집,1.0,0.0,POS,1.0
특징,1.0,0.0,POS,1.0
특출,0.0,1.0,NEG,1.0
특허,0.0,1.0,NEG,1.0
특히,0.1,0.1,None,0.75
틀,1.0,0.0,POS,1.0
틈바구니,0.0,1.0,NEG,1.0
파격,1.0,0.0,POS,1.0
파고들,1.0,0.0,POS,1.0
파괴,0.0,1.0,NEG,1.0
파멸,0.0,1.0,NEG,1.0
파문,0.0,1.0,NEG,1.0
파스텔,0.0,1.0,NEG,1.0
파악,0.0,1.0,NEG,1.0
파열,0.0,1.0,NEG,1.0
판,0.666666667,0.333333333,POS,0.666666667
판단,0.0,0.333333333,NEUT,0.666666667
판매,1.0,0.0,POS,1.0
판매량,1.0,0.0,POS,1.0
판명,1.0,0.0,POS,1.0
판정,0.0,1.0,NEG,1.0
팔,0.333333333,0.666666667,NEG,0.666666667
팔리,0.5,0.5,NEG,0.5
패,0.0,1.0,NEG,1.0
퍼먹,0.0,1.0,NEG,1.0
퍼지,1.0,0.0,POS,1.0
펄펄,1.0,0.0,POS,1.0
페놀,0.0,1.0,NEG,1.0
편,0.666666667,0.0,POS,0.666666667
편견,0.333333333,0.666666667,NEG,0.666666667
편리,1.0,0.0,POS,1.0
편모,0.0,1.0,NEG,1.0
편안,0.666666667,0.0,POS,0.666666667
편중,0.0,0.0,NEUT,1.0
편차,0.0,1.0,NEG,1.0
편파,0.0,1.0,NEG,1.0
편하,1.0,0.0,POS,1.0
편향,0.0,1.0,NEG,1.0
펼치,1.0,0.0,POS,1.0
평가,0.5,0.125,POS,0.5
평등,1.0,0.0,POS,1.0
평론가,1.0,0.0,POS,1.0
평범,0.0,0.0,NEUT,1.0
평하,1.0,0.0,POS,1.0
평화,1.0,0.0,POS,1.0
폐단,0.0,1.0,NEG,1.0
폐렴,0.5,0.5,NEG,0.5
폐지,0.333333333,0.666666667,NEG,0.666666667
포기,0.0,1.0,NEG,1.0
포도주,1.0,0.0,POS,1.0
포장,0.125,0.875,NEG,0.875
폭,1.0,0.0,POS,1.0
폭넓,1.0,0.0,POS,1.0
폭력,0.0,1.0,NEG,1.0
폭발,1.0,0.0,POS,1.0
폭행,0.0,1.0,NEG,1.0
표상,0.0,1.0,NEG,1.0
표시,0.0,1.0,NEG,1.0
표어,1.0,0.0,POS,1.0
표창,1.0,0.0,POS,1.0
푸,0.0,1.0,NEG,1.0
푹,1.0,0.0,POS,1.0
푼수,0.0,1.0,NEG,1.0
풀,1.0,0.0,POS,1.0
풀려나,1.0,0.0,POS,1.0
풀리,0.5,0.5,NEG,0.5
풀벌레,1.0,0.0,POS,1.0
풀어지,1.0,0.0,POS,1.0
풀이,0.0,1.0,NEG,1.0
풀타임,1.0,0.0,POS,1.0
품질,1.0,0.0,POS,1.0
풋풋,1.0,0.0,POS,1.0
풍,1.0,0.0,POS,1.0
풍경,1.0,0.0,POS,1.0
풍물,1.0,0.0,POS,1.0
풍성,1.0,0.0,POS,1.0
풍요,1.0,0.0,POS,1.0
프랑스,1.0,0.0,POS,1.0
프로,1.0,0.0,POS,1.0
프로이트,0.0,1.0,NEG,1.0
프로젝트,0.0,1.0,NEG,1.0
피,0.0,1.0,NEG,1.0
피부,1.0,0.0,POS,1.0
피서,1.0,0.0,POS,1.0
피식,1.0,0.0,POS,1.0
피어나,1.0,0.0,POS,1.0
피우,0.666666667,0.333333333,POS,0.666666667
피하,1.0,0.0,POS,1.0
피해,0.0,1.0,NEG,1.0
피해자,0.0,1.0,NEG,1.0
필기,0.0,1.0,NEG,1.0
필수,1.0,0.0,POS,1.0
필연,1.0,0.0,POS,1.0
필요,0.6521739129999999,0.260869565,POS,0.6521739129999999
핍박,0.0,1.0,NEG,1.0
하,0.5,0.25,POS,0.5
하고,0.0,1.0,NEG,1.0
하나,0.7142857140000001,0.14285714300000002,POS,0.7142857140000001
하늘,0.2,0.6,NEG,0.6
하루,0.0,0.0,COMP,0.5
하루빨리,1.0,0.0,POS,1.0
하이라이트,1.0,0.0,POS,1.0
하지만,0.1,0.1,None,0.8
하향세,0.0,1.0,NEG,1.0
학년,0.0,1.0,NEG,1.0
학대,0.0,1.0,NEG,1.0
학생,0.0,1.0,NEG,1.0
학술,1.0,0.0,POS,1.0
학습,1.0,0.0,POS,1.0
학원,1.0,0.0,POS,1.0
한,0.0,1.0,NEG,1.0
한가,1.0,0.0,POS,1.0
한가로이,1.0,0.0,POS,1.0
한가지,0.0,1.0,NEG,1.0
한결같이,1.0,0.0,POS,1.0
한계,0.0,1.0,NEG,1.0
한과,1.0,0.0,POS,1.0
한국,0.75,0.0,POS,0.75
한달음,1.0,0.0,POS,1.0
한데,1.0,0.0,POS,1.0
한마디,0.0,0.0,COMP,1.0
한문학,0.0,1.0,NEG,1.0
한민족,1.0,0.0,POS,1.0
한술,0.0,1.0,NEG,1.0
한숨짓,0.0,1.0,NEG,1.0
한자,0.5,0.5,NEG,0.5
한창,0.0,1.0,NEG,1.0
한층,1.0,0.0,POS,1.0
한탄,0.0,1.0,NEG,1.0
한판,0.5,0.0,NEUT,0.5
한편,0.0,0.0,None,1.0
할리우드,0.0,1.0,NEG,1.0
함께,0.6,0.2,POS,0.6
함성,1.0,0.0,POS,1.0
함정,0.0,1.0,NEG,1.0
합의,1.0,0.0,POS,1.0
항균,1.0,0.0,POS,1.0
항상,1.0,0.0,POS,1.0
항생,1.0,0.0,POS,1.0
해,0.0,0.0,NEUT,1.0
해결,1.0,0.0,POS,1.0
해독,0.0,1.0,NEG,1.0
해명,0.0,0.0,NEUT,1.0
해방,0.0,1.0,NEG,1.0
해방감,1.0,0.0,POS,1.0
해보,0.0,0.0,NEUT,0.5
해석,0.0,0.0,COMP,1.0
해소,1.0,0.0,POS,1.0
해외,0.5,0.0,NEUT,0.5
해이,0.0,1.0,NEG,1.0
해저,1.0,0.0,POS,1.0
해적,0.0,1.0,NEG,1.0
해피,1.0,0.0,POS,1.0
해학,1.0,0.0,POS,1.0
핵심,0.0,1.0,NEG,1.0
햇곡식,1.0,0.0,POS,1.0
햇살,1.0,0.0,POS,1.0
행각,0.0,1.0,NEG,1.0
행동,0.0,1.0,NEG,1.0
행복,0.666666667,0.333333333,POS,0.666666667
행사,0.8,0.2,POS,0.8
행세,0.0,1.0,NEG,1.0
행위,0.0,1.0,NEG,1.0
행정,1.0,0.0,POS,1.0
행태,0.0,1.0,NEG,1.0
향기,1.0,0.0,POS,1.0
향상,1.0,0.0,POS,1.0
향하,1.0,0.0,POS,1.0
허구,1.0,0.0,POS,1.0
허다,0.0,1.0,NEG,1.0
허둥대,0.0,1.0,NEG,1.0
허리,0.0,1.0,NEG,1.0
허물,1.0,0.0,POS,1.0
허우적거리,0.0,1.0,NEG,1.0
허위,0.0,1.0,NEG,1.0
허위의식,0.0,1.0,NEG,1.0
허점,0.0,1.0,NEG,1.0
헤아리,0.0,1.0,NEG,1.0
혀,0.0,1.0,NEG,1.0
현대,1.0,0.0,POS,1.0
현란,0.0,1.0,NEG,1.0
현실,0.5,0.4,POS,0.5
현악,1.0,0.0,POS,1.0
현재,0.5,0.5,NEG,0.5
혈액,0.0,1.0,NEG,1.0
혐의,0.0,0.833333333,NEG,0.833333333
협력,1.0,0.0,POS,1.0
협박,0.5,0.5,NEG,0.5
협심증,0.0,0.0,NEUT,1.0
협의,0.333333333,0.333333333,COMP,0.333333333
협조자,1.0,0.0,POS,1.0
형,1.0,0.0,POS,1.0
형식,0.666666667,0.333333333,POS,0.666666667
형제,1.0,0.0,POS,1.0
형제애,1.0,0.0,POS,1.0
형태,0.0,1.0,NEG,1.0
형편,0.0,1.0,NEG,1.0
호,1.0,0.0,POS,1.0
호감,1.0,0.0,POS,1.0
호기심,1.0,0.0,POS,1.0
호박,1.0,0.0,POS,1.0
호박고지,1.0,0.0,POS,1.0
호소,0.5,0.5,NEG,0.5
호응,0.5,0.5,NEG,0.5
호전,0.0,1.0,NEG,1.0
호텔,0.0,0.0,NEUT,1.0
호흡,0.0,0.0,NEUT,1.0
혹시,0.5,0.5,NEG,0.5
혹은,1.0,0.0,POS,1.0
혼,0.5,0.5,NEG,0.5
혼나,0.0,1.0,NEG,1.0
혼란,0.0,1.0,NEG,1.0
혼자,0.0,1.0,NEG,1.0
홀가분,1.0,0.0,POS,1.0
홀아비,0.0,1.0,NEG,1.0
홍보,0.0,1.0,NEG,1.0
홍역,0.0,1.0,NEG,1.0
화,0.56,0.4,POS,0.56
화급,1.0,0.0,POS,1.0
화려,1.0,0.0,POS,1.0
화상,0.0,1.0,NEG,1.0
화장실,0.0,0.0,NEUT,1.0
화장품,1.0,0.0,POS,1.0
화재,0.0,1.0,NEG,1.0
화제,1.0,0.0,POS,1.0
화합,1.0,0.0,POS,1.0
확대,1.0,0.0,POS,1.0
확보,1.0,0.0,POS,1.0
확산,1.0,0.0,POS,1.0
확신,1.0,0.0,POS,1.0
확실,0.5,0.5,NEG,0.5
확실히,0.0,1.0,NEG,1.0
확인,0.2,0.8,NEG,0.8
환경,0.0,1.0,NEG,1.0
환골탈태,1.0,0.0,POS,1.0
환불,0.0,1.0,NEG,1.0
환상,0.75,0.0,POS,0.75
환영,1.0,0.0,POS,1.0
환자,0.0,1.0,NEG,1.0
환하,1.0,0.0,POS,1.0
환호,1.0,0.0,POS,1.0
환희,1.0,0.0,POS,1.0
활기,1.0,0.0,POS,1.0
활달,1.0,0.0,POS,1.0
활동,1.0,0.0,POS,1.0
활발,1.0,0.0,POS,1.0
활성,0.75,0.25,POS,0.75
활용,1.0,0.0,POS,1.0
활짝,1.0,0.0,POS,1.0
황금기,1.0,0.0,POS,1.0
황당,0.0,1.0,NEG,1.0
황폐,0.0,1.0,NEG,1.0
황홀,1.0,0.0,POS,1.0
회,1.0,0.0,POS,1.0
회귀,1.0,0.0,POS,1.0
회생,0.0,1.0,NEG,1.0
회피,0.0,1.0,NEG,1.0
회화,1.0,0.0,POS,1.0
획일,0.5,0.5,NEG,0.5
횡설수설,0.0,1.0,NEG,1.0
횡행,0.0,1.0,NEG,1.0
효과,1.0,0.0,POS,1.0
효도,1.0,0.0,POS,1.0
효율,0.666666667,0.333333333,POS,0.666666667
후,0.5,0.5,NEG,0.5
훈훈,1.0,0.0,POS,1.0
훌륭,1.0,0.0,POS,1.0
훌륭히,0.0,1.0,NEG,1.0
훌쩍,1.0,0.0,POS,1.0
훤히,1.0,0.0,POS,1.0
훨씬,0.666666667,0.333333333,POS,0.666666667
휩싸이,0.0,1.0,NEG,1.0
휴식,0.0,1.0,NEG,1.0
흉내,0.666666667,0.333333333,POS,0.666666667
흐르,0.2,0.8,NEG,0.8
흐름,0.0,0.0,COMP,1.0
흑인,1.0,0.0,POS,1.0
흔들,0.0,1.0,NEG,1.0
흔들리,0.0,1.0,NEG,1.0
흔하,0.0,1.0,NEG,1.0
흔히,0.333333333,0.0,NEUT,0.333333333
흘러가,0.0,1.0,NEG,1.0
흘려주,1.0,0.0,POS,1.0
흘리,0.0,1.0,NEG,1.0
흙탕물,0.0,1.0,NEG,1.0
흠모,1.0,0.0,POS,1.0
흡수,1.0,0.0,POS,1.0
흥겹,1.0,0.0,POS,1.0
흥미,1.0,0.0,POS,1.0
흥미진진,1.0,0.0,POS,1.0
흥취,1.0,0.0,POS,1.0
흥하,1.0,0.0,POS,1.0
흥행,1.0,0.0,POS,1.0
희극,0.5,0.5,NEG,0.5
희망,1.0,0.0,POS,1.0
희박,0.0,1.0,NEG,1.0
희생,1.0,0.0,POS,1.0
희생자,0.0,1.0,NEG,1.0
희소식,1.0,0.0,POS,1.0
히스테리,0.0,1.0,NEG,1.0
힘,0.857142857,0.14285714300000002,POS,0.857142857
힘겹,0.0,1.0,NEG,1.0
힘들,0.25,0.75,NEG,0.75
힘차,0.0,1.0,NEG,1.0
